Product Name,Product Price,Product Colors
Long Skirt,$19.99,"Cream, Black"
Cap-sleeved Jersey Dress,$9.99,"White, Black/floral, Black"
Linen-blend Midi Dress,$37.99,"Cream/floral, White/blue floral"
Linen-blend Shirt,$19.99,"White/blue striped, White, Light beige, Blue, Black, Light beige, White"
Rib-knit Off-the-shoulder Dress,$34.99,"Black/striped, Cream, Black"
Linen-blend Maxi Skirt,$44.99,Black/floral
Linen Pants,$34.99,"White, Black"
Wide Ultra High Jeans,$29.99,"Light denim blue, Denim blue, Gray, Light denim blue, Light taupe, White"
Suit Vest,$25.99,"Light beige, Black"
Wide High Jeans,$29.99,"Light denim blue, White, Denim blue, Light denim blue, Denim blue, Dark gray"
2-pack Crop T-shirts,$9.99,"Black/white, Light gray melange/dusty pink, Khaki green/light gray, Light taupe/black"
Ribbed Tank Top,$9.99,"Black, White, Sage green, White, Bright blue, Black"
Ankle-length Pants,$29.99,"Black, Taupe, Light taupe"
Satin Maxi Skirt,$37.99,"Light beige, Black"
Linen Shirt,$29.99,"White, Black, Beige/striped, Light beige, Pale yellow"
Slim Straight High Jeans,$24.99,"Light denim blue, Pale denim blue, Denim blue, Black, Gray, Beige"
Linen Shirt,$34.99,Blue/white striped
Jersey Top,$17.99,"Black, White, Taupe, Dark gray"
High Waist Joggers,$24.99,"Black, Light taupe, Light gray melange, Dusty pink melange, Dark gray, Light purple, Dusty green"
Wide-leg Twill Pants,$19.99,"Black, White, Light blue, Beige"
Tapered Linen-blend Pants,$34.99,"Light beige, Black, Navy blue, Light green, Bright blue"
Hoodie,$14.99,"Black, Light gray melange, Light beige"
Oversized Crinkled Dress,$54.99,White/blue floral
Sweatshirt Dress,$19.99,Black
Oversized Sweatshirt,$24.99,"Black, Light taupe, Light purple, Light gray melange"
Knit Cardigan,$64.99,"Cream/blue striped, Black/striped"
Jacquard-knit Sweater,$18.99,"Cream/striped, Gray melange/striped"
Oversized Blazer,$49.99,Cream
Sweater,$18.99,"Light beige/striped, Black/striped, Black/striped, Black"
Long-sleeved Top with Flatlock Seams,$12.99,"Dark gray, Cream"
Square-neck Twill Dress,$29.99,Black
Puff-sleeved Midi Dress,$27.99,"Light blue/floral, Cream/floral, Black"
Bouclé Jacket,$57.99,Black/plaid
Oversized Washed-look Hoodie,$34.99,"Light blue/washed, Black"
Linen-blend Pants,$32.99,Black
Asymmetric-front Suit Vest,$24.99,"Gray, Light taupe"
Puffer Vest,$26.99,"Gray, Light taupe, Light gray"
Flared High Jeans,$26.99,"Dark denim blue, Pale denim blue, Black, Denim blue, Pale denim blue"
Oxford Shirt,$19.99,"Light blue, White, Bright blue/striped, White/blue striped"
V-neck Blouse,$19.99,"Black, Cream, Pigeon blue, Light beige, Light blue, White/striped, Powder pink, Light dusty green, Khaki green, Pink, Khaki green, Light beige"
Lace-trimmed Camisole Top,$19.99,"Black, Turquoise, Light yellow"
Smocked-bodice Dress,$25.99,White/blue floral
Linen-blend Pull-on Pants,$19.99,"Light beige, Black, Light beige/pinstriped"
Cotton T-shirt,$8.99,"White, White/black striped, Black, Light beige, Light gray melange, Cream/black striped, White/striped"
Embroidered Dress,$59.99,Black/embroidered
Slacks,$19.99,"Black, Gray, Light beige/plaid, Taupe, Navy, Dusty blue"
Blouse with Eyelet Embroidery,$25.99,"White, Blue"
Linen-blend Shorts,$24.99,"Black, Light beige, Navy blue, White"
Viscose Shirt Dress,$28.99,"Green/leaf-patterned, Khaki green/patterned, Black/floral"
Fine-knit Cardigan,$14.99,"Black, Natural white, Cream, Black/striped, Beige/striped"
Square-neck Jersey Top,$9.99,"Black, White, Blue-gray"
Ribbed T-shirt,$7.99,"White, Light gray melange, Black, Dark beige"
Slim Straight High Jeans,$29.99,"Light denim blue, Cream"
Wide High Ankle Jeans,$27.99,"White, Dark denim gray, Medium denim blue, Denim blue, Light denim blue"
Pleated Skirt,$45.99,Light beige
Tie-belt Shirt Dress,$31.99,Dark khaki green
Microfiber Tube Top,$9.99,"Black, Light beige, Dark gray, White, Dark beige"
Double-breasted Trench Coat,$49.99,"Beige, Beige"
Baggy Regular Jeans,$29.99,"Black, Light denim blue, Pale denim blue, Light gray"
Cotton T-shirt,$12.99,"Cream/Paris, White/navy blue striped, Cream/striped"
Fitted Microfiber T-shirt,$12.99,"Beige, Dark gray, Black, White, Light beige, Silver gray"
Tunic Dress with Eyelet Embroidery,$37.99,"White, Light blue"
Linen-blend Blouse,$19.99,"White/blue patterned, White, Light blue"
Crop Tank Top,$9.99,"Cream/black striped, Black, Light taupe, Gray melange, Light blue, White, Bright blue, Light yellow, Pink, White, White/black striped, Yellow, White"
Cap-sleeved Blouse,$19.99,"Black, Light blue/striped, White"
Long-sleeved Jersey Top,$9.99,"Black, Cream, Light dusty green, Dark taupe"
Slides,$31.99,"Light taupe, Dark brown"
Oversized T-shirt,$9.99,"Light taupe, White, Dark gray, Black, Light purple, Dusty green, White, Black"
Viscose Tunic Dress,$19.99,"Black/floral, White/blue floral, Black"
Pleated Skirt,$24.99,Black
Rib-knit Top with Collar,$19.99,"Light beige, Black"
Gathered Midi Dress,$26.99,Dark beige
Cotton Dress,$37.99,Blue/patterned
Pullover Shirt,$29.99,"Blue/striped, White"
Eyelet Embroidered Shirt,$54.99,"White, Light blue"
Tie-belt Shirt Dress,$28.99,"White/blue floral, Black/patterned"
Ribbed Maxi Dress,$14.99,"Black, Taupe, Dark gray"
Pajama T-shirt and Shorts,$17.99,"Light blue/striped, Light pink/strawberries"
Oversized T-shirt,$7.99,"Black, White"
Puff-sleeved Top,$14.99,"White, White"
Linen-blend Pull-on Pants,$25.99,White/blue striped
Lace-trimmed Tank Top,$12.99,"Cream/floral, White, Black, Gray melange"
Double-breasted Blazer,$27.99,Bright red
Cap-sleeved Bodysuit,$13.99,"Black, Dark brown, Cream"
Chiffon Blouse with Flounces,$19.99,"Black, Cream"
Linen-blend Shirt Dress,$39.99,Blue/striped
Ribbed Bodycon Dress,$14.99,"Black, Light taupe, Dusty pink"
High-waist Dress Pants,$25.99,"Black, Light beige"
Ribbed Cotton Top,$9.99,"White, Light gray melange, Black, Dark beige, White/black striped"
Mary Jane Flats,$26.99,Black
Crinkled Jersey Dress,$20.99,Blue
Wide High Jeans,$36.99,"Light denim blue, Black, Pale denim blue, Light denim blue, Brown"
Sweatshirt,$12.99,"Sage green, Black, Light beige, Light gray melange"
Cap-sleeved Rib-knit Top,$28.99,Cream
Microfiber Camisole Top,$8.99,"Black, White, Dark gray, Dark brown, Dark beige, Powder pink"
Regular Denim Shorts,$19.99,"Denim blue, Light denim blue"
Wide-cut Pull-on Pants,$17.99,Black/zebra print
Embroidered Straw Shopper,$24.99,Light beige
Square-neck Top,$9.99,"Black, White, Dusty green"
Fitted Blazer,$39.99,"Black, Light beige, Navy blue, White"
Textured Cardigan,$17.99,Black/white
Seersucker Pullover Blouse,$26.99,"Light blue/striped, White"
Double-breasted Blazer,$40.99,"Black, Light khaki green, Pink, Light beige"
Coated Jacket,$66.99,Dark brown
Slim Straight High Ankle Jeans,$37.99,"White, Light denim blue, Denim blue, Denim blue"
Sweatshirt,$14.99,"Cream/Paris, Dusty pink melange, Light gray melange, Black, Dark gray, Light beige, Dark gray, White/Paris"
Baggy Low Jeans,$29.99,"Denim blue, Light denim blue, Dark taupe, Black"
Tapered-waist dress,$29.99,"Beige, Black"
Baggy Regular Jeans,$49.99,Light denim blue
Linen-blend Dress,$31.99,"Blue/striped, Natural white, Blue"
Rib-knit Boat-neck Top,$25.99,Cream
Feather Soft Denim Shirt,$34.99,"Light denim blue, Denim gray, Pale denim blue, Pale denim blue"
Straight-cut Joggers,$19.99,"Light gray melange, Black, Light beige"
Oversized T-shirt Dress,$14.99,"Black, Dark gray, Light beige"
Linen-blend Shirt,$26.99,"White, Khaki green, Light pink, Blue/white striped, Cerise, Light beige, Olive green"
Fitted T-shirt,$7.99,"Light gray melange, Dusty pink, Light taupe, Black, Dark gray, White, White, White, Black, Black"
Oversized Printed T-shirt,$17.99,"Black/Elvis Presley, Cream/Johnny Cash, Beige/Red Hot Chili Peppers, Cream/The Strokes, Blue/Johnny Cash, Black/Hot Wheels, Dark gray/Nirvana, Light khaki green/Korn, White/Mary J Blige, Cream/Formula 1, Black/Kodak, Light beige/Hot Wheels, Light gray/Fender, Dark gray/Joan Jett, Black/Formula 1, Dark gray/Smiley®, Gray/The Offspring, Cream/Saweetie, Cream/Blondie, Black/Motorcar Club, Black/Formula 1, White/Wednesday, White/Racing, Green/Yungblud, Black/Jack Harlow, Black/Kurt Cobain, White/Rosalía, Black/Rosalia, Black/The Stooges, Dark gray/Romantic, White/Yale"
Textured-weave Jacket,$59.99,"Light beige melange, Light pink"
MAMA Straight High Jeans,$49.99,Light denim blue
Gathered Jersey Top,$12.99,"Black, Cream, Dark grey, Light gray"
Gathered Corset-style Top,$12.99,"Black, Light beige"
Pajama Camisole Top and Shorts,$24.99,"Light blue/small flowers, White, White/small flowers"
Resort Shirt,$19.99,Black/patterned
Oversized Denim Shirt,$29.99,"Pale denim blue, Dark gray, Dark taupe"
Mock Turtleneck Crop Top,$13.99,"Light beige, Light green, White/black striped"
Ballet Flats,$19.99,"Light beige, Gold-colored"
Leather Sandals,$59.99,Black
Ribbed Tank Top,$12.99,"White, Black, Light beige, Light gray/Tu Es Belle, Black, Cream, Black, Cream/Printemps Studio, White/seashell, Dark gray"
Ribbed Henley Shirt,$12.99,Black
Double-breasted Blazer,$65.99,"Light beige, Black, Dark gray, Black"
Leather Shoulder Bag,$219.00,Light beige
Denim Bandeau Top,$19.99,"Light denim blue, Cream, Light denim blue"
Chunky Dome Earrings,$5.99,Silver-colored
Linen-blend Pull-on Shorts,$17.99,"Light beige, Black, Sky blue"
Printed T-shirt,$9.99,"White/Alle Stelle!, Dark gray, White/Nirvana"
Ribbed Bodycon Dress,$9.99,"Black, Dark gray"
Braided Sandals,$44.99,Black
A-line Casual Dress,$26.99,Dark beige
Long-sleeved Top,$7.99,"Dusty pink melange, Dark gray, Black, Light taupe, White, Light beige, Light gray"
MAMA 2-pack Jersey Leggings,$24.99,Black
Cotton-blend Sweatpants,$17.99,"Black, Light gray melange, Gray, White, Light beige"
Leather Belt,$19.99,"Black/silver-colored, Brown, Black/gold-colored, Brown"
Wide-leg Pants,$39.99,"Black, Light beige, Dark beige"
MAMA Ribbed Dress,$34.99,"Light khaki green, Beige, Black"
2-pack Cotton Poplin Pajama Shorts,$17.99,"Light pink/striped, Light blue/striped"
Drawstring-detail Cotton Dress,$37.99,Bright red
Wide-leg Pants,$25.99,Black/patterned
Drawstring-detail T-shirt Dress,$29.99,Light gray melange
Short Twill Pea Coat,$41.99,"Beige, Black, Gray"
Pleat-detail Top,$19.99,White/black striped
Sweater Vest,$12.99,"Cream, Black/striped, Light taupe"
Ankle-strap Pumps,$39.99,Black
Straight-leg Pants,$31.99,"Beige, Black, Light taupe"
Joggers,$14.99,"Khaki green, Dark gray, Black, Light gray melange"
Belt,$10.99,"Black/crocodile-patterned, Brown"
Mom Ultra High Ankle Jeans,$39.99,"Black, Light denim blue, Denim blue"
Ribbed Modal-blend Top,$12.99,"Black, Dark taupe, White, Navy blue, Light khaki green, Light khaki green, Light blue, Beige melange"
Cotton Boxer-style Shorts,$17.99,"Light blue/striped, White/striped"
Slim Mom High Ankle Jeans,$24.99,"Denim blue, Light denim blue, Denim blue, Dark gray, Denim blue, Black"
Sweater with Linked Seams,$14.99,"Cream/striped, Navy blue/striped, Light beige/striped"
Balloon-sleeved Dress with Eyelet Embroidery,$59.99,Light blue/striped
Sweatshorts,$12.99,"Black, Cream, Brick red, Dark blue/striped"
Puff-sleeved Babydoll Dress,$29.99,White
Printed T-shirt,$12.99,"Black/Hot Wheels, Light gray melange/Hot Wheels, Cream/Kodak, Light beige/Shania Twain, Cream/Snow White, Cream/Saweetie, Black/Charlie Puth"
Long Shirt,$39.99,"White, Black, Light beige"
Long-sleeved Jersey Shirt,$14.99,"White, Black, Light beige"
Linen-blend Straight Pants,$19.99,"Beige, White, Black"
Rib-knit Cardigan,$19.99,"Cream/black striped, Black/white striped"
Oversized Boat-neck Top,$19.99,"White/blue striped, White/Oui Merci"
Hoodie,$20.99,"Beige, Black, White, Light gray melange, Light blue"
Low Denim Shorts,$34.99,Light denim blue
MAMA Before & After Jersey Pants,$24.99,Black
Textured Wrap Dress,$37.99,"Light beige, Bright red"
Crochet-look Top,$67.99,Cream
Flared Leggings,$17.99,Black
Oval Sunglasses,$12.99,"Black, Black, Olive green, Light beige, Gold-colored/black, Transparent/light beige"
Double-breasted Trenchcoat,$64.99,"Beige, Cream, Black"
Baggy Low Jeans,$39.99,"Light denim blue, Gray, Black, Light denim blue, Pale denim blue"
Oversized Cotton Top,$34.99,"White/beige striped, Cream/black striped"
Mom Ultra High Denim shorts,$24.99,"Black, Light denim blue, Light denim blue"
Ribbed Modal-blend T-shirt,$12.99,"Light beige melange, Black, White, Light khaki green, Light gray melange, Taupe, Sage green"
Wide-leg Pants,$18.99,"White, Black"
Ribbed Bodycon Dress,$21.99,"Pigeon blue, Black, Light beige"
Linen Shirt Dress,$67.99,Blue
MAMA 5-pack Hipster Briefs,$17.99,"Powder pink/light pink, Black"
Gathered Bodycon Dress,$26.99,"Light beige/striped, Dark beige, Black"
Double-weave Blouse,$28.99,"Sage green, White/blue-striped"
Flared Leggings,$14.99,"Black, Dusty green, Black, Light gray"
Baggy Wide Low Jeans,$44.99,"White, Light denim blue, Light denim blue, Beige, Dark gray, Pale denim blue"
Tapered-waist Twill Blazer,$40.99,"Light beige, Black"
Track Pants with Side Stripes,$34.99,Black
Fine-knit Top,$20.99,"White/black striped, Black, Cream"
Tie-detail Beach Dress,$34.99,"White, Black"
Fitted T-shirt,$12.99,"White, Black, Dark gray, Light taupe/tie-dye"
7-pack Cotton Jersey Bikini Briefs,$19.99,"Light blue/pigeon blue, Black"
Block-heeled Mules,$31.99,Black
Linen-blend Joggers,$32.99,"Khaki green, Black"
Canvas Cargo Pants,$26.99,"Black, Dark gray, Gray, Cream, Dark khaki green, Light beige, Light beige"
Cotton Jersey Leggings,$8.99,Black
Boat-neck Bodysuit,$15.99,"Black, White/black striped, Navy blue"
Jersey Maxi Skirt,$17.99,"Black, Taupe melange, Light gray melange"
Tie-Belt Denim Jacket,$49.99,"Denim blue, Beige"
MAMA 2-pack Bike shorts,$24.99,Black/gray
Crochet-look Pencil Skirt,$84.99,Light beige
Oversized Linen Shirt,$39.99,White
Microfiber Sleeveless Top,$12.99,"Black, Light taupe, White"
Wide Hoop Earrings,$10.99,Gold-colored/brushed
Bouclé Blazer,$54.99,Light pink
Cotton Dress,$35.99,"Black/patterned, Blue/striped, Blue/white patterned"
Shoulder-pad Cardigan,$37.99,Beige melange
Short Jacket with Shoulder Pads,$57.99,"Light beige, Black"
Printed T-shirt,$19.99,"Cream/Palermo, Cream/Milano, Light gray melange/Los Angeles, Cream/Palm Beach, White/Mykonos, Black striped/Paris, Light blue/San Diego, White/Mykonos"
Linen Wrap Top,$49.99,Black
Tie-belt Crêpe Dress,$44.99,Blue/floral
Wide-leg Linen-blend Pants,$34.99,Olive green
Oversized Button-front Jacket,$34.99,"Black/washed, Dark denim blue, Light blue, Black"
Heart-pendant Necklace,$5.99,Gold-colored/white
MAMA Cotton Jersey Shorts,$17.99,"Black, Green, Beige"
Wide-leg Pants,$34.99,"White, Peach pink/patterned, Navy blue, Black"
Wide-leg Pants,$45.99,"Black, Beige, Navy blue"
T-shirt Dress with Shoulder Pads,$19.99,Black
Ribbed Crop T-shirt,$5.99,"Dusty pink melange, White, Light beige melange, Black, Dark gray, Light taupe"
Slacks,$29.99,"Black, Navy blue, Black, Powder pink"
Rib-knit Tank Top,$14.99,"Light blue, Light taupe/striped"
MAMA Straight Ankle Jeans,$49.99,"White, Denim blue, Light denim blue"
Rib-knit Top,$24.99,"Light khaki green, Dusty yellow, Cream"
Crinkled Jersey Dress,$17.99,"Black, Black, White/floral"
Denim Midi Skirt,$37.99,"Denim blue, Dark denim blue"
Tie-detail Pointelle-knit Top,$18.99,"Cream, Black"
Ladder-stitch-look Knit Sleeveless Top,$18.99,"Light khaki green, Light beige, Cream"
Pajama Pants,$17.99,"White, White/small flowers, Light blue/striped"
Rib-knit Skirt,$37.99,Cream
Skinny High Denim Shorts,$17.99,"Light denim blue, Black/washed, Denim blue"
Hooded Jacket,$19.99,"Light gray melange, Light taupe, Dark gray"
Seamless Padded Soft-cup Bra,$12.99,"Black, White, Light beige"
V-neck Swimsuit,$26.99,"Black, Brown"
Rib-knit Off-the-shoulder Top,$29.99,"White/black striped, Cream"
2-pack Crop T-shirts,$13.99,"Light beige/dark gray, Light gray melange/white, White"
Wing-shaped Earrings,$10.99,Gold-colored
Short Hooded Sweatshirt Jacket,$19.99,"Light gray melange, Black, Dark gray, White, Dusty pink melange, Light gray"
Knit Tunic,$34.99,"White, Black"
MAMA 3-pack Nursing Tank Tops,$34.99,"Black/white/gray melange, Light blue/striped, Khaki green/beige melange"
Linen-blend Bomber Jacket,$44.99,"Black, Dark khaki green"
Oversized Cotton T-shirt,$37.99,"White/black striped, White"
Pull-on Culottes,$34.99,Black
Linen-blend Jacket Dress,$64.99,"Black, Light beige/pinstriped"
MAMA Bouclé Dress,$59.99,White
5-pack Briefs,$9.99,"Light purple/white/beige, Black"
Gathered-sleeve Jacket,$49.99,"Beige, Black"
Top with Eyelet Embroidered Sleeves,$19.99,"Black, Sage green, White"
Tailored Suit Vest,$37.99,"White, Black"
Tie-detail Pleated Dress,$59.99,"Powder pink, Light dusty turquoise, Black"
Frayed-edge Flared Skirt,$49.99,Light blue
Feather Soft Denim Skirt,$34.99,"Light denim blue, Black, Pale denim blue"
Denim Bodycon Dress,$49.99,Denim blue
Tie-detail Puff-sleeved Blouse,$9.99,Cream
Dress with Collar,$29.99,"Light yellow/floral, Cream/patterned"
7-pack Hipster Briefs,$19.99,"Black, Powder pink/dark pink"
Pointed Slingback Pumps,$34.99,Light beige
Pointed Slingbacks,$29.99,"Black, Black/crocodile-patterned"
Tie Bikini Bottoms,$13.99,"Dusty blue, Pigeon blue/patterned, Black, Light beige/leopard print, Lime green/floral"
Oversized Hooded Jacket,$24.99,"Khaki green, Dark gray, Black, Light gray melange, Black, Light gray melange"
Linen-blend shirt,$24.99,"Gray, Blue"
Knit Tube Top,$37.99,"Black, Beige"
Skinny High Jeans,$19.99,"Denim blue, Black, Black, Dark denim blue, Black, Light gray, Denim blue, Dark denim blue, Denim blue"
MAMA Dress Pants,$39.99,"Black, Beige, White, Navy blue"
Draped Bandeau Top,$17.99,Light beige/striped
Padded Triangle Bikini Top,$14.99,"Pigeon blue, Pigeon blue/patterned, Black, Lime green/floral"
Draped Dress,$37.99,"Pigeon blue, Cream, Black/white striped, Gray, Cream, Khaki green"
Short Tank Top,$7.99,"Black, Dusty green, Light gray melange"
Cap-sleeved Top,$12.99,"White/dotted, Black, Gray"
Ribbed Jersey Top,$19.99,"White/blue striped, White/black striped, Sage green/striped"
Faux Pearl Pendant Earrings,$5.99,Gold-colored/white
Dress Pants,$26.99,"Black/pinstriped, Black, Dark gray, Light taupe, Gray, Light taupe, Dark gray, Black, Black"
MAMA Linen-blend Pants,$39.99,"Black, Khaki green"
Chunky Loafers,$40.99,"Black, Black"
Cotton T-shirt,$6.99,"Sky blue, Pale yellow, Pink"
Microfiber Maxi Skirt,$24.99,"Black, Dark gray, Dark beige, Light beige"
Jersey Pajamas,$24.99,"Light gray/striped, Dark gray/hearts, Gray/dotted"
Blouse with Scarf Collar,$34.99,Peach pink/patterned
MAMA Ribbed Dress,$19.99,Black
Slides,$17.99,"Brown, Black, Light beige"
Ruffle-trimmed Cotton Blouse,$14.99,"White, Blue/striped"
Halterneck Crop Top,$19.99,White/floral
Pointed Loafers,$31.99,"Brown/natural white, Black"
Fitted Poplin Shirt,$17.99,"White, Black, Light blue/striped"
Smocked-waist Jersey Dress,$19.99,"Black, Red, White/black striped"
Printed T-shirt,$6.99,"Cream/Society Club, Navy blue/France 28, White/Seoul, Black/Calais"
Bikini Bottoms,$13.99,"Khaki green, Black, White, Dark khaki green, Black, Navy blue, Black, White, Turquoise"
Sheer Ribbed Top,$24.99,Burgundy
2-pack 20 Denier Tights,$8.99,"Black, Porcelain, Dark brown"
2-pack Crop Tube Tops,$9.99,"White/black, Sage green/white, Light green/white"
Utility Dress,$54.99,"Bright red/floral, Black"
Short Jersey Top,$7.99,"Black, White"
Wrap Cardigan,$29.99,"Light gray melange, Cream"
Sweater,$26.99,"Light beige melange, Blue, Black melange"
Belted Jumpsuit,$59.99,Black
MAMA Tie-belt Shirt Dress,$29.99,Black
Oversized Printed T-shirt,$19.99,"Dark gray/Pink Floyd, Cream/The Rolling Stones, Dark gray/The Rolling Stones, Dark gray/The Beatles, Dark gray/Nirvana, Gray melange/SOHO, Cream/Kurt Cobain, Dark gray/AC/DC, Dark gray/Metallica"
Ribbed Dress,$31.99,"Dark taupe, Light khaki green, Black, Beige melange"
High Waist Leggings,$9.99,"Black, Black"
Denim Vest,$19.99,Light denim blue
Sweatpants,$24.99,"Black, White, Dark gray melange, Light gray melange"
Ruffle-trimmed Crêped Blouse,$25.99,"Brown/patterned, White/blue floral, Cream/paisley-patterned"
MAMA Ribbed Jersey Top,$17.99,Light beige melange
Padded Twist-detail Bikini Top,$19.99,"Khaki green, Black"
Wide-cut Pull-on Pants,$20.99,Black/striped
Microfiber Maxi Dress,$19.99,Black
Flower-shaped Earrings,$12.99,Gold-colored
Textured-weave Shirt,$32.99,"Light pink, Cream, Black"
Padded-cup High-leg Swimsuit,$34.99,"Black, White, Black, Black"
MAMA Ribbed Top,$9.99,White
Draped Jersey Dress,$37.99,"Cream, Cream/striped, Black, Emerald green"
Chunky Earrings,$8.99,Gold-colored
Buckle-detail Dress Pants,$25.99,"Black, Beige"
MAMA Slim Ankle Jeans,$49.99,"Light denim blue, Black/washed, White, Medium denim blue, Medium denim blue, Denim blue"
MAMA 2-pack seamless padded nursing bras,$29.99,"Dark beige/black, Light gray melange/beige"
Twill Trench Coat,$74.99,"Beige, Light taupe, Gray"
Boat-neck Sleeveless Top,$12.99,"Dark blue, Light gray"
Curvy Fit Wide Ultra High Jeans,$29.99,"Gray, Light denim blue, Black, Light denim blue, Beige, Denim blue, Light denim blue"
V-neck Thong Bodysuit,$24.99,"Black, White, White/black striped"
Twill Skirt,$31.99,Black
Jacquard-weave Shirt,$49.99,Light turquoise
Wrap-detail Pants,$34.99,Light turquoise
DryMove™ Sports Tank Top,$12.99,"Dark khaki green, Black"
DryMove™ Medium Support Sports Bra,$19.99,"White, Light pink, Black, Brown, Light pink, Dusty purple, Light beige"
Short-sleeved Thong Bodysuit,$15.99,"Black, White, Dark pink"
Zip-front Top,$14.99,"Black, Dusty green"
Sweatshorts,$19.99,Light gray melange
Sheer Boat-neck Top,$9.99,"Dusty pink melange, Black, Dark gray, White"
Wide-leg Joggers,$14.99,"Light gray melange, Light taupe, Dark gray, Light beige melange"
Shoulder-pad T-shirt Dress,$26.99,"Dark gray, Taupe"
Crêped Slip Dress,$24.99,Black/patterned
Belted Mini Skirt,$34.99,Light beige
Seersucker Blouse,$29.99,White
Rib-knit Top with Collar,$18.99,"Cream, Black"
Dress Pants,$37.99,"Black, Dark khaki green, Black"
Crop Tank Top,$5.99,"Light beige, Dusty pink melange, Black, White/striped"
Wedge-heel Espadrilles,$44.99,Cream
Patterned Scarf,$12.99,Red/patterned
2-pack Medium Support Sports Bras,$19.99,"Light beige/Brown, Black/white, Dark khaki green/white"
Wide-leg Twill Pants,$26.99,"Light gray, Light beige, Black, Light gray, Light beige"
MAMA Microfiber T-shirt,$14.99,"White, Black"
DryMove™ Sports Bike Shorts with Pocket,$17.99,"Black, Light blue"
Linen-blend Pants,$34.99,"Black, Light beige, Khaki green, White"
90s Baggy High Jeans,$36.99,Dark denim blue
5 Pairs Hoop Earrings,$9.99,Gold-colored
5-pack Ankle Socks,$8.99,"White, Black"
Jersey Pencil Skirt,$12.99,Black
Patterned Scarf,$19.99,Dark brown/patterned
Knit Sweater,$19.99,"Light blue melange, Light pink melange"
Cropped Windbreaker,$26.99,"Black, Dark blue"
5-pack Hipster Briefs,$19.99,"Dark pink/blue/white, Black, Light pink/dusty rose"
Cycling Shorts,$7.99,"Black, Beige, Light gray melange"
Jacquard-weave Pants,$49.99,Light turquoise
Crew-neck Sweatshirt,$19.99,White/blue striped
Off-the-shoulder Jersey Top,$9.99,"Black, Blue, White"
MAMA 2-pack Before & After Nursing Tops,$34.99,"Khaki green/striped, Cream/black"
Denim Shacket,$57.99,"Black/washed, Denim blue"
Long Slip Dress,$19.99,Black
V-neck Bodysuit,$13.99,Light orange
Suit Vest,$19.99,"Black, Beige, Gray, White"
MAMA 2-pack Ribbed Cotton Tops,$29.99,"Black/striped, Light pink/white"
Crop Tank Top,$6.99,"Black, White"
Denim Shirt,$34.99,"Light denim blue, Denim blue, Pale denim blue"
Bouclé Blazer,$74.99,White
Ruffle-collar Dress,$39.99,White/red patterned
DryMove™ Running Pants,$34.99,Black
3-pack DryMove™ Sports Socks,$12.99,"White/black, White/striped, Light beige/natural white, Pink/light pink/white, White, Black, Black"
Cotton Jersey Top,$19.99,"Light khaki green/striped, Light blue/Un Mare D'Amore, White/black striped, White/blue striped"
Pleated Skirt,$25.99,Cream
Cotton T-shirt,$5.99,"White, Light gray melange, Black, White"
Tie-detail Beach Dress,$39.99,Black
Gathered-sleeve Jacket,$62.99,"Navy blue, Light beige, Cream"
Cardigan,$34.99,"Light beige, Black"
Oversized Poplin Shirt,$25.99,"White, Sky blue/striped"
Block-heeled Slingbacks,$34.99,Black
Oversized T-shirt,$17.99,"Light beige/Dance Mode, Dark gray/Boston"
Curvy Fit Baggy Low Jeans,$39.99,"Light denim blue, Light denim blue, White"
Linen-blend Blouse,$34.99,"White, Black"
Silk-blend T-shirt,$37.99,"White, Black, Dark beige"
Fitted-waist Linen Jacket,$89.99,Navy blue/pinstriped
Bikini Bottoms,$19.99,"Black, Black, Black"
Denim Parachute Pants,$36.99,"Light gray, Beige/washed, Denim blue, Denim blue"
Linen-blend Blazer,$57.99,"Light beige, White, Khaki green, Light beige"
Loafers,$34.99,"Black, Black"
Short Trench Coat,$66.99,"Beige, Black"
Oval Hoop Earrings,$5.99,"Gold-colored, Silver-colored"
Crêpe blouse,$26.99,Cream
Cotton-blend Leggings,$14.99,Black
Shoulder-pad Dress,$37.99,"Cream, Black"
Wide-cut Pull-on Pants,$26.99,"Black/white, Black"
Short V-neck Blouse,$19.99,"White/blue floral, Cream/floral"
Printed Sweatshirt,$29.99,"Light gray melange/Los Angeles, Light gray melange/Milano, Cream/The British Museum, Light gray/Slipknot, Cream/Hot Wheels, Cream/Hot Wheels, Dark gray/Fender"
Two-strap Slides,$26.99,"Black, White"
Shirt,$19.99,"Cream, White/black striped, Black, Powder pink, Black/dotted"
Draped Sleeveless Top,$14.99,"Taupe, Light beige"
Fine-knit Sweater,$17.99,"Black/striped, Navy blue, Gray"
Crinkled Jersey Jumpsuit,$19.99,Black
Shoulder-pad Blouse,$34.99,Light turquoise
Sweatshirt with Motif,$19.99,"White/Yale University, Dark gray/The Beatles"
Padded-cup Swimsuit,$26.99,"Black, Dark khaki green"
Wide-cut Sweatpants,$24.99,Dark gray
Ballet Flats,$26.99,"Black/patent, Black/canvas"
Nylon Parachute Pants,$19.99,"Black, Light beige, Dark gray, Khaki green, Navy blue"
Straight High Jeans,$54.99,"Medium denim blue, Light denim blue, Denim blue, Black/washed"
Picot-trimmed Puff-sleeved Top,$12.99,"White, Gray, Black"
Printed Satin Scarf,$17.99,"Cerise/dahlia, Black/Paris, Black/patterned, Khaki green/striped, Light beige/floral"
MAMA Before & After nursing sweatshirt,$34.99,"White/striped, Light gray melange"
Coated Bomber Jacket,$66.99,"Black, Brown, Cream"
Crêped Dress,$31.99,Bright red
Block-heeled Sandals,$29.99,"Black, Black, Gold-colored, White, White"
Denim Jacket,$34.99,"Light denim blue, Black, Denim blue"
Ribbed Cotton Tank Top,$7.99,"Light pink, Black, White, Green"
Washed-look Ribbed Top,$24.99,Dark taupe
MAMA 2-piece Ribbed Set,$34.99,Black
Short T-shirt,$5.99,"Dark gray melange, White, Black, Beige"
Twill Pajama Pants,$24.99,Light blue/striped
Fine-knit Cardigan,$18.99,"Dark gray melange, Black, Cream"
2-pack Bra Tops,$17.99,"Black/white, Purple/black"
Firm Shape Swimsuit,$34.99,Black
Oversized Cotton Shirt,$26.99,"Blue/striped, Light blue"
Linen-blend Pajamas,$39.99,"Light beige, Light blue, White"
Pajama Shirt and Pants,$39.99,"White/blue striped, Light blue/white striped, Light blue/striped, Light pink/striped"
Sweater,$28.99,"Cream/black striped, Black/white striped"
Triangle Bikini Top,$13.99,"Light beige/leopard print, Black, Bright blue/white floral"
Halterneck Swimsuit,$19.99,"Navy blue, Black"
Slit-hem Denim Skirt,$29.99,Denim blue
5-pack Camisole Tops,$29.99,"Light pink/light beige/black, Light beige/beige"
Single-breasted Blazer,$49.99,Gray melange
Jersey Thong Bodysuit,$15.99,"Black, Cream, Dark khaki green"
Utility Skirt with Belt,$44.99,Beige
Oversized Sweater,$25.99,Pale yellow
Pointed Flats,$24.99,Black
Seersucker Pajamas,$39.99,White
MAMA Jersey Dress Pants,$34.99,Black
Pendant Necklace,$5.99,"Gold-colored/heart, Gold-colored/heart, Gold-colored, Gold-colored/planet, Gold-colored/rhinestones, Gold-colored/butterflies"
Cap-sleeved Bodycon Dress,$18.99,"Black, Dark green, Light beige"
Dress with Flared Skirt,$34.99,Black
MAMA Seamless Leggings,$27.99,"Beige melange, Black, Dark gray"
Single-breasted Blazer,$39.99,"Dark beige, Black"
Tapered-waist blouse,$29.99,Light beige
Rib-knit Off-the-shoulder Sweater,$25.99,"Light beige, Black"
Jersey Bodycon Dress,$20.99,"Light taupe, Black, Dark blue, Burgundy, Khaki green, Dark gray"
Perforated Flats,$31.99,Black
Open-back Dress,$74.99,White/blue floral
Oversized Printed Sweatshirt,$39.99,Light beige/NYC
Short Sweatshirt,$34.99,"Light pink, Blue, Light gray melange"
Printed Pajamas,$17.99,"Light gray melange/Snoopy, White/Barbie"
Crêped Viscose Skirt,$25.99,Black
Twist-detail Dress,$17.99,Dark brown
Bow-detail Hair Elastic,$4.99,Black
2-pack Padded Soft-cup Cotton Bras,$27.99,"Beige/black, Light gray melange/black"
Straw Hat,$24.99,Black
10-pack Cotton Thong Briefs,$24.99,"Light purple/white/beige, White/black, Light blue/black/gray, Black"
MAMA 2-pack Cotton Tank Tops,$19.99,White/black
9-pack Rings,$12.99,"Gold-colored, Silver-colored, Gold-colored"
Satin Nightgown,$19.99,"Pigeon blue, Black"
Rib-knit Cross-back Sleeveless Top,$18.99,"Cream, Khaki green"
Felted Bomber Jacket,$41.99,"Light gray melange, Light beige"
Satin Maxi Skirt,$29.99,"Black, Khaki green"
Gathered Square-neck Top,$17.99,"Cream, Gray"
Cotton Shirt,$17.99,Red/white striped
DryMove™ Pocket-detail Sports Leggings,$24.99,"Black, Steel blue, Light beige"
Shirt with Shoulder Pads,$19.99,"Dark gray, Light blue/striped"
3-pack Cotton Shortie Briefs,$17.99,"Light pink/light gray melange, Black"
Suit Vest,$39.99,Black
Ribbed Henley Top,$13.99,"Black, White, Pistachio green"
DryMove™ Seamless Medium Support Sports Bra,$12.99,"Black, Steel blue"
Rib-knit Dress with Collar,$45.99,Black
Padded One-shoulder Bikini Top,$24.99,"Black, Taupe"
Boxy Poplin Shirt,$17.99,"White, Black, Light blue/striped"
Cotton Cap,$10.99,"Black, White, Beige"
Pointed Slingbacks,$26.99,Black
Padded-cup Swimsuit,$34.99,"White, Black, Pigeon blue, Black"
Cotton Shirt,$29.99,"Light blue/striped, White/striped"
Textured Button-front Skirt,$17.99,Black/plaid
Pumps,$34.99,Dark brown
Satin Pajama Shirt and Pants,$39.99,"Navy blue, Light blue"
Brazilian Bikini Bottoms,$19.99,"Black, Dark khaki green, White, Dark gray"
Jersey Dress Pants,$25.99,"Black, Dark gray melange"
Hoop Earrings,$10.99,"Gold-colored, Silver-colored"
90s Baggy Regular Jeans,$49.99,"Gray, Light denim blue, Beige"
High Waist Denim Shorts,$29.99,"Light denim blue, Black, White"
Pointelle Top,$14.99,Light beige
2-pack Jersey Tops,$24.99,White/black
Square-neck Jersey Top,$7.99,"Black, Grey, Cream"
Twill Cargo Pants,$24.99,"Dark khaki green, Beige, Black"
Padded Bandeau Bikini Top,$26.99,"Dark khaki green, Black, Dark gray, White"
Denim Maxi Skirt,$34.99,"Pale denim blue, Denim blue"
Canvas Espadrilles,$26.99,"Cream, Black"
Ribbed Crop Top,$7.99,"Black, White"
MAMA 2-pack Padded Cotton Nursing Bras,$29.99,Black/light beige
MAMA Before & After Leggings,$17.99,Black
Oversized Linen Shirt,$79.99,Dark beige
Eyelet Embroidered Bandeau Dress,$84.99,Pink
Denim Shirt,$24.99,"Cream, Denim blue"
MAMA 2-pack Seamless Bump Support Briefs,$19.99,"Gray melange/powder pink, Dark beige/black"
Oversized Linen-blend Shirt,$32.99,"White/blue striped, White, Light beige"
Hoop Earrings,$5.99,"Gold-colored, Gold-colored, Gold-colored, Gold-colored"
Straw Shoulder Bag,$34.99,Light beige
One-shoulder Dress,$29.99,Black
Denim Shirt,$59.99,Light denim blue
Embroidered Sweatshorts,$13.99,"Dark gray, Black, Light gray melange, White"
Straw Bucket Hat,$24.99,Black melange
Hooded Jacket,$20.99,Black
MAMA Mom Loose Ankle Jeans,$54.99,Light denim blue
Sneakers,$49.99,White
Padded-cup Swimsuit,$29.99,"Navy blue/striped, Black"
Double-breasted Twill Trench Coat,$84.99,"Beige, Black"
Linen-blend Bomber Jacket,$67.99,Light beige
Bomber Jacket with Shoulder Pads,$66.99,"Dark brown/distressed, Gray/herringbone-patterned"
Tie-belt Shirt Dress,$57.99,"Black/white patterned, Black/striped"
Cotton Tank Top,$7.99,White
Lace-trimmed Ribbed Nightgown,$19.99,White/small flowers
DryMove™ Sports Crop Top,$12.99,"Black, Dark khaki green, Steel blue"
Asymmetric Bikini Top,$26.99,Black
Poplin Dress with Sweetheart Neckline,$31.99,Peach pink/patterned
Linen-blend Blouse,$25.99,Peach pink/patterned
Small Shoulder Bag,$24.99,"Black, Black"
5-pack Thong Briefs,$24.99,"Dusty turquoise/black, Black/small flowers"
Linen Shirt,$37.99,"Cream/pinstriped, White"
Smocked-detail Dress,$57.99,"Black, Cream"
Baggy Regular Jeans,$36.99,"Pale denim blue, Pale denim blue, Pale denim blue, Dark taupe"
Single-breasted Twill Blazer,$40.99,Sky blue
Dressy Mini Skirt,$19.99,"Dark gray melange, Black"
Sports Shortie bikini bottoms,$19.99,Black
Waist Belt,$19.99,Black
Hair Clip with Bow,$9.99,"Black, Cream"
DryMove™ Pleated Tennis Skirt,$34.99,"Black, Light blue"
Crop Tank Top,$12.99,Bright green
Pajama Camisole Top and Shorts,$19.99,"Cream/floral, Black"
MAMA 2-pack Seamless Nursing Bras,$34.99,Gray melange/powder pink
Joggers,$29.99,"Light gray melange, Cream"
Printed Sweatshirt,$37.99,Light gray melange/Paris
Poplin Shirt,$32.99,Blue/striped
Linen-blend Tapered Pants,$31.99,"Black, Light beige"
Ribbed Pajamas,$19.99,"White, Light dusty pink"
Bead-detail Tube Top,$29.99,Cream
5-pack Socks,$8.99,White
Square-neck Tank Top,$12.99,"Black, White, Light gray"
5-pack Brazilian Briefs,$17.99,"Light blue/gray, Black, Light dusty blue, Black"
Ruffled Off-the-shoulder Dress,$67.99,Black/floral
Satin Slip Dress,$34.99,Black
Wide High Cropped Jeans,$29.99,Light beige
Straight-cut Sweatpants,$34.99,"Black, Light gray melange"
Oversized blazer,$57.99,"Black, Brown/houndstooth-patterned"
2-pack 40 Denier Tights,$9.99,Black
Crêped Jersey Pants,$25.99,"Black, Dark gray/pinstriped, Beige"
MAMA Piping-detail Pajamas,$49.99,Dusty green
Rib-knit Wrap Top,$27.99,"Black, Light gray"
MAMA Super Skinny Jeans,$34.99,"Medium denim blue, Dark denim blue"
Oversized Sweatshirt,$14.99,"Black, Light gray melange, Dark gray"
5-pack Rings,$5.99,Gold-colored
V-neck Linen Jersey T-shirt,$17.99,White
Cotton Shirt Dress,$37.99,"Navy blue/striped, Black/patterned"
Distressed-look Cargo Vest,$34.99,Dark gray
Twist-detail Shirt Dress,$29.99,"Yellow, Yellow/tie-dye"
Short Beaded Necklace,$9.99,White
Straw Shopper,$29.99,Beige
Rib-knit Cardigan,$37.99,"Black, Light beige"
Button-detail Jacket,$62.99,Black
MAMA Flutter-sleeved Jersey Top,$19.99,"White, Black"
Ribbed Tank Top,$10.99,"Sky blue, Pink, Pale yellow, Light pink, Pistachio green"
Bead-detail Bodysuit,$15.99,"Black, Cream"
Padded Triangle Bikini Top,$17.99,"Taupe, Black/white patterned, Light blue/floral"
Embroidered Dress,$74.99,White
Padded Triangle Bikini Top,$9.99,Black
Tapered Pants,$19.99,Cerise
Water-repellent Sports Cap,$14.99,"Black, Dusty pink, Light beige, Gray"
Drawstring-detail Midi Dress,$26.99,Black
Square-neck Top,$13.99,"Yellow, White"
DryMove™ Windproof Activewear Jacket,$49.99,Black
Long-sleeved Jersey Top,$12.99,Black
Pull-on Jersey Pants,$17.99,"Light beige/leaves, Pink/floral"
Gathered Jazz Pants,$18.99,"Black, Dark gray, Gray melange"
Short Textured-knit Cardigan,$37.99,Cream
T-shirt with Motif,$14.99,"White/Nirvana, White/AC/DC, Dark gray/Nirvana, Light blue/Sprite, Dark gray/AC/DC"
Drawstring-detail Camisole Top,$17.99,Cream/floral
Button-detail Sweatshirt,$37.99,Cream/black striped
Track Pants with Piping,$31.99,"Black, Dark blue/color-block, Cream"
MAMA Bodycon Dress,$29.99,Black
Lyocell Denim Shirt,$31.99,Light denim blue
Chain Necklace,$5.99,Gold-colored
Cotton Poplin Shirt,$17.99,White
Pleated Satin Skirt,$57.99,Light taupe
MAMA Calf-length Cotton Dress,$29.99,"White/striped, Powder pink"
Silk-blend Knit Dress,$99.00,White
Patterned Bandeau Dress,$74.99,Black/patterned
Cotton Jersey Top,$5.99,"White, Black, Dusty green, Light beige"
Knit Cardigan,$29.99,"Light purple, Natural white"
MAMA Ribbed Midi Skirt,$19.99,Black
2-pack Invisible Light Shaping Briefs,$19.99,"Beige, Black"
Twill Cargo Pants,$31.99,"Black, Khaki green, Beige, Gray"
Muslin Pullover Blouse,$32.99,"Bright blue/patterned, Light beige, White"
MAMA Flutter-sleeved Dress,$27.99,Black
Shaping Swimsuit,$39.99,"Black, Navy blue"
T-shirt Dress,$19.99,"Beige, Black"
Double-breasted Blazer,$62.99,"Black, Cream, Black"
Flared Twill Pants,$20.99,"Black, Light beige, Dark gray, Gray"
5-pack Ankle Socks,$9.99,"White, Black"
Rib-knit Slip Dress,$29.99,"Orange, Bright blue"
Slit-hem Mini Skirt,$24.99,"Black, Black"
Pull-on Sweatshorts,$12.99,Light beige
Puff-sleeved Textured Jersey Dress,$17.99,"Green, Light blue/floral, Black"
Silk-blend Tank Top,$29.99,"White, White, Black, Dusky green"
Camisole Crop Top,$5.99,"White, Red, Black"
Wide-leg Pants,$37.99,"Black, Beige, Gray"
Draped Shirt Dress,$29.99,"Lime green, Cream/zebra print"
Suede Loafers,$69.99,"Light beige, Black"
Short Skirt,$45.99,Black
Loose-fit Top,$19.99,Natural white
Half-zip Sweater,$39.99,Cream/beige striped
Transparent Umbrella,$14.99,Transparent/black
Ruffle-trimmed Pointelle-knit Sweater,$26.99,"Black, Cream"
Textured-knit Balloon-sleeved Cardigan,$39.99,Cream
Muslin Bathrobe,$34.99,"Sage green, Light taupe, White"
Leather Belt,$24.99,"Brown, Black, Brown"
Jersey One-shoulder Dress,$49.99,Blue
Linen Pull-on Shorts,$74.99,Dark beige
Wide-leg Joggers,$24.99,Black
Jacket with Slit Cuffs,$37.99,Black
Oversized Sports Sweatshirt,$34.99,"Khaki green, Black"
Cat Eye Sunglasses,$9.99,Black
Hole-knit Sweater,$34.99,Cream/black striped
Boat-neck Jersey Top,$12.99,"Black, Cream, Dark gray"
Fine-knit Cardigan,$27.99,"Black, Black/white striped"
Draped Off-the-shoulder Dress,$74.99,Dusty pink
Shirt Dress with Belt,$67.99,Light beige
Ruffled Blouse with Eyelet Embroidery Details,$29.99,White
Hooded Sweatshirt Dress,$24.99,"Black, Dusty pink, Dark gray, Natural white"
Flared Low Jeans,$31.99,"Dark denim blue, Black, Light denim blue"
Microfiber Scoop-neck Top,$12.99,Light taupe
High Denim Shorts,$27.99,"White, Denim blue, Light denim blue"
Scoop-neck Top,$13.99,"White, Apricot"
Wrap Trench Coat,$79.99,Dark beige
Rib-knit Dress,$39.99,"Light beige, Dark gray"
DryMove™ Sports Tank Top,$17.99,"Light gray melange, Black"
Textured Jersey Dress,$34.99,Dark khaki green
Sandals,$34.99,Black
Balconette Bikini Top,$19.99,"Black, Black"
Rib-knit Cardigan with Zipper,$26.99,Natural white
2-pack Jersey Headbands,$8.99,"Brown/black, Black/white, Light gray melange/black, Dark gray melange/black"
Short Twill Jacket,$59.99,"Black, Cream"
Slit-hem Pants,$37.99,"Black, Black/houndstooth-patterned"
Baggy High Jeans,$44.99,"Black, Light denim blue"
Curvy Fit Baggy High Jeans,$39.99,"Black, Dark denim blue"
MAMA Padded-cup Swimsuit,$19.99,Black
Oversized Shirt Dress,$25.99,Dark gray/zebra print
2-pack Padded Cotton T-shirt Bras,$27.99,"Beige/black, Light gray melange/white"
Cotton-blend Shirt,$24.99,White
Rectangular Sunglasses,$9.99,"Black, Black"
Dress with Eyelet Embroidery,$39.99,"Red, Black"
Double-breasted Trench Coat,$139.00,"Beige, Black"
MAMA Flounced Dress,$64.99,Cream/floral
High-leg Swimsuit,$29.99,Light blue
Cotton T-shirt,$13.99,"Pink, Pistachio green"
6-pack Ear Cuffs,$10.99,Gold-colored
V-neck Sweater,$27.99,"Black, Cream"
3-pack Slip Dresses,$30.99,Black/beige/white
Denim Corset-style Top,$24.99,"Pale denim blue, Black, Gray"
Crêped Shirt Dress,$39.99,"Red, Khaki green, Blue/striped"
Crossbody Bag,$34.99,"Black, Light beige/brown, Dark beige"
Hair Clip with Bow,$8.99,White
5-pack Socks,$12.99,"White, Black"
High Waist Denim Shorts,$24.99,"Light gray, Pale denim blue, White"
Flounce-trimmed Slip Dress,$49.99,Red
Seamless Super Push-up Bra,$27.99,White
Tapered Pants,$34.99,"Black, Black, Light taupe, Yellow, Beige"
Lace Blouse,$74.99,Black
Fully-fashioned Sock-style Slip-on Shoes,$54.99,"Beige, Cream"
Textured Slingbacks,$34.99,Black
Frayed-edge Twill Sneakers,$34.99,White
Oversized Hooded Jacket,$39.99,Light gray melange
Rib-knit Midi Dress,$41.99,"Cream/striped, Cream, Black, Black/striped"
Fine-knit Cardigan,$34.99,Light gray melange
MAMA Before & After Tie-belt Shirt,$24.99,"Light khaki green, Black"
Denim Skirt,$34.99,"Denim blue, Dark gray, Light gray"
Joggers,$24.99,"Light gray melange, Black, Khaki green, Dark gray"
Washed-look Joggers,$39.99,Light blue/washed
Smocked Top,$32.99,Cream
Eau de Toilette,$6.99,Sunray
A-line Denim Skirt,$84.99,White
Sleeveless Shirt with Shoulder Pads,$24.99,"White, Light blue"
Tunic Dress,$31.99,"Khaki green, Black/patterned"
MAMA 2-pack Cotton Tops,$24.99,White/black
Suit Vest,$20.99,Black
Push-up Bikini Top,$24.99,"Black, Black, Navy blue, Dark khaki green, Black"
Flavored Lip Oil,$3.49,Pink
Cardigan with Collar and Zipper,$49.99,"Dark blue, Light gray melange, Cream"
10-pack Socks,$17.99,"Black, Black/gray/white, White"
Heeled Strappy Sandals,$31.99,Silver-colored
Loose-fit Shacket,$37.99,Beige
Ultra High Ankle Jeggings,$29.99,"Black, Light denim blue, Light gray, Light denim blue, Dark denim blue, Dark denim blue"
Shoulder-pad Bomber Jacket,$35.99,Dark khaki green
Balloon-leg Pants,$84.99,Navy blue/pinstriped
Cotton-blend Tote Bag,$40.99,"Beige/black patterned, Natural white/patterned"
Rectangular Sunglasses,$12.99,"Black, Brown/tortoiseshell-patterned, Black"
Wide-leg Jersey Pants,$25.99,Black
5-pack Seamless Thong Briefs,$24.99,Khaki green/light turquoise
Sleeveless Jersey Bodysuit,$9.99,Black
MAMA Nursing Top,$17.99,"Black, Beige"
Straw Hat,$19.99,"Beige, Black"
2-pack Non-padded Lace Soft-cup Bras,$19.99,"Powder pink/cream, Dark gray/white"
Cotton Shirt,$25.99,"White, Cream/black striped"
Boxy Embroidered T-shirt,$7.99,Dark gray
Textured Jersey Pants,$19.99,Black
Baggy Wide Low Ankle Jeans,$39.99,"Denim blue, Light denim blue, Black, Gray"
Sweatshirt,$24.99,White/blue striped
DryMove™ Sports Joggers,$29.99,Light gray melange
Linen-blend Wrap Dress,$39.99,"Light beige, Cream/geometric pattern, Black/palm trees, Blue/striped"
High Waist Shorts,$25.99,Peach pink/patterned
Wedge-heeled Espadrille Sandals,$39.99,Cream
Off-the-shoulder Cotton Dress,$34.99,Yellow
Oversized Sweatshirt,$34.99,"Black, Gray"
Pima Cotton Jersey Top,$29.99,"Dark beige, Light beige"
Espadrille Sneakers,$17.99,White
MAMA Tie-belt Blouse,$19.99,Light khaki green
MAMA Denim Shorts,$34.99,Dark denim blue
Sleeveless Crop Top,$13.99,"Pink, Black"
Text-motif Hoodie,$29.99,Dark gray/Los Angeles
Denim Utility Jacket,$41.99,Gray
Bead-detail Tube Dress,$39.99,Black
Linen Scarf,$24.99,"Light beige, Light blue"
Crinkled Pants,$35.99,"Black, Navy blue"
Textured Earrings,$9.99,Gold-colored
MAMA Before & After 2-piece Set,$49.99,Black
V-neck Beach Dress,$17.99,Black
MAMA Pullover Linen Shirt,$39.99,Light blue
Twill Cap with Text Motif,$17.99,"Dark blue/Greenwich, Cream/The League"
Rib-knit Skirt,$31.99,Cream
Cat Eye Sunglasses,$12.99,"Black, Black"
Shaping Tights 40 Denier,$14.99,Black
Pleat-detail Bandeau Top,$19.99,Light blue/striped
V-neck Camisole Top,$17.99,"Cream, Black, Mint green"
Oversized Turtleneck Sweater,$24.99,Dark taupe
Ribbed Pajamas,$29.99,"Dark gray, Cream, White"
Skinny Regular Ankle Jeans,$39.99,"Denim blue, Light denim blue, Black, Denim blue"
Rib-knit Top,$31.99,"Black, Bright red"
Textured Jersey Dress,$29.99,Black
Cowl-neck Satin Blouse,$32.99,"Light beige, Black"
Ribbed Jersey Dress,$31.99,"White/black, Black/white"
Slim High Jeans,$34.99,"Cream, Denim blue"
Cotton Bucket Hat,$17.99,Light denim blue
MAMA Before & After Pregnancy/Nursing Dress,$59.99,"Light taupe, Black, Light blue"
Cropped Short-sleeved Sweatshirt,$14.99,"Khaki green, Dark gray, Black, Light beige"
DryMove™ Sports Leggings,$24.99,"Dark khaki green, Black, Gray/patterned, Rust brown"
Rib-knit Button-front Dress,$59.99,Cream
Oversized Shirt with Wide Cuffs,$67.99,Powder pink
DryMove™ Flared Sports Pants,$29.99,"Black, Steel blue"
Heeled Mules,$34.99,Black
Button-detail Jacket,$54.99,Black
Long Chiffon Dress,$99.00,Light blue/floral
Long Printed T-shirt,$24.99,"Dark gray/Nirvana, Khaki green/AC/DC, Dark gray/Blondie"
Twisted Earrings,$17.99,Gold-colored
5-pack DryMove™ No-show Sports Socks,$12.99,"Black, White"
MAMA 2-pack Tights 20 Denier,$9.99,"Black, Beige"
Bikini Bottoms,$12.99,"Black, Navy blue, Black, Dark khaki green, Black, Turquoise, Light blue/white striped, Khaki green"
Fine-knit T-shirt,$20.99,Black
Tapered High Jeans,$37.99,"Light denim blue, Denim blue, Dark denim blue"
Rib-knit Cardigan,$26.99,Light yellow
Ladder-stitch-look Sweater,$31.99,Black
Shaping Tights 20 Den,$14.99,Black
A-line Poplin Skirt,$45.99,Blue/striped
Long-sleeved Short Top,$20.99,"Gray, Cream, Black"
Crop T-shirt,$6.99,Black
Lace-trimmed Satin Pajamas,$27.99,Black
Slim Fit Twill Pants,$34.99,"Black, Dark gray/pinstriped"
Seamless Soft-cup Bra,$14.99,"White, Black"
5-pack Ruffle-trimmed Socks,$14.99,Dark gray melange/black
Ribbed Tank Top,$5.99,White
Boxy T-shirt,$7.99,Black
Sneakers,$34.99,"Black, White, White/light beige"
Ribbed Bodycon Dress,$12.99,Pink
Washed-look Denim Cap,$17.99,"Rust red, Light beige, Cream, Beige, Black, Light blue, Navy blue"
Mom Loose Fit Twill Pants,$27.99,Beige
Ruffle-trimmed Off-the-shoulder Top,$19.99,"Blue/striped, White"
Padded Jacket with Motif,$66.99,"Dark blue/Chicago, Black/Minimise, White/Rêvez"
Padded Plunge Bikini Top,$26.99,"Khaki green, Black"
Sneakers,$44.99,"White, Black/white"
Rib-knit Sweater,$59.99,White/black melange
Knit Sweater,$32.99,"Blue-gray, Black, Black melange"
Beaded Hoop Earrings,$9.99,"White, Gold-colored"
Leaf-shaped Earrings,$19.99,Gold-colored
Double-breasted Midi Coat,$84.99,"Black, Light beige"
Long Wrap Dress,$39.99,Black/patterned
Button-front Thong Bodysuit,$17.99,"Black, Navy blue, White"
Short Denim Jacket,$49.99,"Light denim blue, Denim blue, White, Dark gray"
Microfiber Hair Towel,$7.99,"Light pink, White"
Sunglasses,$12.99,"Gold-colored, Brown/tortoiseshell pattern, Black, Black"
Maxi Wrap Dress,$49.99,Light yellow/floral
Textured Hoop Earrings,$17.99,Gold-colored
A-line Mini Dress,$29.99,Bright blue/floral
Straight High Cropped Jeans,$39.99,Light denim blue
Linen Dress Pants,$74.99,"Black, Light beige/pinstriped"
Puff-sleeved Poplin Dress,$34.99,White/floral
Parachute Pants,$29.99,"Black, Khaki green, Dark gray"
Sweatshirt,$17.99,"White, Beige, Pale green, Black"
Denim Maxi Skirt,$54.99,"Black/washed, Dark denim blue"
Jersey Pants,$20.99,Black
Ribbed Top with Collar,$15.99,Yellow
Straw Hat,$14.99,Beige
Denim Jacket with Shoulder Pads,$39.99,Light gray
Distressed-look Skirt with Belt,$49.99,Dark brown
MAMA Ribbed Jersey Pants,$39.99,Black/striped
Padded-cup High-leg Swimsuit,$40.99,Black/white
Mom Comfort Ultra High Denim Shorts,$24.99,Pale denim blue
Ribbed Top,$9.99,"Black, Light beige"
Leather Slingbacks,$67.99,Black
Fine-knit Mini Shorts,$17.99,Light gray melange
Hair Elastic with Bow,$10.99,Black
Sunglasses,$17.99,Orange/patterned
Denim Shirt,$39.99,"Dark denim blue, White"
Oversized Kaftan Dress,$29.99,"Black, Natural white/zebra print"
MAMA Tie-belt Blouse,$29.99,"White, Light pink, Light blue/striped"
Puff-sleeved Peplum Blouse,$17.99,"Black, White"
Double-breasted Blazer,$64.99,Navy blue
Baggy Twill Pants,$34.99,Black
Denim cargo trousers,$36.99,Black
Sheer Cotton Top,$24.99,Light beige
Twill Pencil Skirt,$19.99,Black
MAMA Ribbed Tank Top,$24.99,Cream
Makeup Headband and Wristband Set,$9.99,Pink
Wrapover Satin Blouse,$26.99,Black/striped
Textured Crossbody Bag,$34.99,Cream
10-pack Lace Thong Briefs,$34.99,"Light blue/pigeon blue, Light dusty green/turquoise, Cerise/pink, Powder pink/gray"
Perforated Waist Belt,$29.99,Black
Short Bomber Jacket,$40.99,Black
Distressed-look Cargo Pants,$59.99,Dark gray
5-pack Satin Thong Briefs,$17.99,Powder pink/hearts
DryMove™ Mesh Sports T-shirt,$17.99,"White, Black"
Patterned Jersey Pajamas,$29.99,Dark blue/stars
Coated Pants,$34.99,Black
DryMove™ Long-sleeved Sports Top,$29.99,Light gray melange
Trench Coat,$84.99,Cream
Asymmetric Skirt,$14.99,"Black, Cream, Dark beige"
2-pack Bike Shorts,$14.99,"Light khaki green/black, Black"
3-pack Invisible Hipster Briefs,$17.99,"Dark beige, Beige"
Ribbed Bodycon Dress,$19.99,Black
Linen Blazer,$89.99,Light beige/pinstriped
Oversized Off-the-shoulder Dress,$64.99,Light purple/floral
Lyocell-blend Pants,$34.99,Dark khaki green
High Support Sports Bra in DryMove™,$24.99,"White, Dark khaki green"
2-pack Non-padded Bralettes,$17.99,"Light beige/floral, Black/white, Light beige/hearts"
SoftMove™ Sports Leggings,$34.99,"Black, Dusty purple, Light beige"
Lace Push-up Bra,$17.99,"Black, White, Powder pink"
Oversized Ruffle-trimmed Sweatshirt,$24.99,"Light gray melange, Cream, Light dusty pink"
Washed Linen Bathrobe,$56.99,"Blue, Black"
Raw-edged Denim Skirt,$34.99,Light denim blue
MAMA Ankle-length Slacks,$34.99,"Black, Beige"
Twill Cargo Pants,$39.99,"Black, Dark khaki green"
Rib-knit Top,$25.99,"Cream, Black/white striped, Light pink"
Drawstring-detail Dress,$27.99,Light green/floral
Tie Belt Shirt Dress,$29.99,Light blue/floral
2-pack DryMove™ Sports Tank Tops,$24.99,"Khaki green/white, Dark plum/beige melange, Light blue/black"
Pajama Shirt and Shorts,$39.99,"Black, White"
Oversized Blazer,$57.99,Light dusty yellow
T-shirt with Low-cut Back,$9.99,"Black, White, Dark gray, Dusty pink melange"
MAMA Before & After Linen-blend Shirt,$34.99,Khaki green
Intertwined Hoop Earrings,$17.99,Gold-colored
3 Pairs Hoop Earrings,$9.99,"Gold-colored, Silver-colored"
Crop Pull-on Pants,$17.99,"Black/zebra print, Cream/black patterned"
Linen Tank Top,$14.99,Light yellow
Quilted Crossbody Bag,$34.99,Beige
Cotton Shirt,$28.99,"White, Black"
DryMove™ Jersey Sports Top,$24.99,"Light blue, White"
Slit-hem Twill Skirt,$24.99,Black
Lace-inset Puff-sleeved Blouse,$24.99,White
2-piece Sweatsuit,$29.99,"Khaki green, Black"
Ribbed Dress,$24.99,"Black/white striped, Red/white striped, Light gray melange"
2-pack Cotton Push-up Bras,$24.99,White/black
Rib-knit Off-the-shoulder Dress,$37.99,Beige melange
Oversized Printed Sweatshirt,$34.99,"White/Smiley®, Black/Formula 1, Black/Blondie, Cream/Tom and Jerry"
Contrasting-stitch Shirt,$32.99,Black
Cardigan with Tie Belt,$29.99,"Black, Cream"
V-neck Dress,$37.99,"Light beige, Yellow"
Necklace with Ring Pendants,$5.99,"Gold-colored, Silver-colored"
Canvas Sneaker-style Sandals,$39.99,Light beige
Light Shape One-shoulder Swimsuit,$39.99,Black
Loose-fit Shirt,$54.99,White/striped
Gathered Asymmetric Top,$12.99,Black
Wedge-heel Espadrilles,$34.99,"White, Black"
Straight Denim Overalls,$49.99,Black
MAMA Ribbed Bodycon Dress,$24.99,"Taupe, Black"
Bandeau Top,$26.99,Black
Satin Dress,$59.99,Black/red floral
Large Hair Claw,$3.99,"Black, Light taupe"
Rib-knit Wrap Cardigan,$29.99,Gray
Bandeau-style Peplum Top,$24.99,Black
ShapeMove™ Sports Leggings,$39.99,Black
Oversized Printed Hooded Jacket,$34.99,"Black/Formula 1, Black/Nirvana, Beige/Nirvana"
Knit Cardigan,$36.99,"Cream, Black"
Flounce-trimmed Wrap Dress,$27.99,Black
DryMove™ Double-layered Running Shorts,$24.99,Black
Linen Pullover Shirt,$44.99,White/striped
Off-the-shoulder Dress,$34.99,Red/patterned
2-pack Microfiber Soft-cup Bras,$29.99,"Beige/white, Beige/black"
5-pack Cotton Hipster Briefs,$14.99,Black
Rib-knit Sweater,$24.99,"Black, Cream, Light beige, Burgundy"
Flared-skirt Jersey Dress,$9.99,"Black, Khaki green, Light beige"
Wide-leg Satin Pants,$29.99,"Dark blue, Dark gray"
Oversized Half-zip Sweater,$39.99,Black/striped
Twill Blouse,$31.99,"Navy blue/striped, Cream/patterned, Cream"
5-pack Hipster Briefs,$24.99,"Dark khaki green/white, Black"
MAMA Before & After Tie-detail Shirt,$32.99,White
3-pack Invisible Thong Briefs,$17.99,"Beige, Black"
Button-front Pants,$25.99,Black
Ribbed Square-neck Top,$9.99,"White, Black"
Padded Triangle Bikini Top,$19.99,"Dark khaki green, White, Black/Floral"
Sheer Ribbed Top,$9.99,"White, Black"
Gathered-sleeve Jacket,$57.99,"Black, Navy blue"
Mom High Denim Shorts,$27.99,Denim blue
Curvy Fit Slim High Jeans,$34.99,"Black, Pale denim blue, Light denim blue, Gray"
Cotton Tunic Dress,$24.99,"Black, Yellow"
Rib-knit Mermaid Skirt,$59.99,White/black melange
Curvy Fit Cotton Cargo Pants,$29.99,"Black, Dark khaki green, Black, Light taupe"
Pleated Jersey Dress,$59.99,Cream/striped
Short-sleeved Cardigan,$57.99,Cream/striped
Embroidered Crop Top,$37.99,White
Tie-detail Top,$17.99,"Black, White"
Pendant Earrings,$17.99,Gold-colored
3-pack DryMove™ Sports Thong Briefs,$19.99,Black
Tie-front Cardigan,$17.99,White/floral
Frayed-edge Rib-knit Dress,$59.99,Cream
Long Cardigan,$34.99,Black
Silk-blend Knit Skirt,$89.99,Cream
Loafers,$39.99,Black
Silk-blend Knit Sleeveless Top,$74.99,Cream
Seamless Ribbed Biker Shorts,$19.99,Black
Wide Regular Jeans,$67.99,"Cream, Light denim blue, Denim blue"
Sweatshorts,$13.99,Light khaki green
Pleated Mini Skirt,$24.99,"Black, Dark gray"
MAMA 2-pack Seamless Padded Nursing Bras,$34.99,"Black/powder pink, Light beige/black"
Water-repellent Anorak,$74.99,"Khaki green, Black"
Ladder-stitch-look Knit Dress,$39.99,"Black, Light beige"
Draped Jersey Dress,$14.99,"Red, Black"
Ribbed Skirt,$19.99,Brown melange
Fringe-trimmed Linen-blend Jacket,$119.00,Light beige
Trench Coat,$89.99,Dark beige
Brazilian Bikini Bottoms,$17.99,Black
Straight Regular Jeans,$44.99,"Black, Light denim blue"
Satin Scarf,$14.99,Black/leopard print
Reflective Running Belt Bag,$9.99,Black
Chunky Sneakers,$49.99,"White, Light beige/white, Light gray, White, Light pink"
Sarong,$17.99,Black
Wrapover Crop Blouse,$19.99,Cream
Low Denim Shorts,$29.99,Black
Oversized Cotton Shirt,$24.99,"Cream/striped, White, Light blue"
MAMA 2-pack Tights 40 Denier,$9.99,Black
V-neck Tunic,$26.99,"Khaki green/patterned, Beige/snakeskin-patterned, Black, Dark yellow/patterned"
Jersey Wrap Dress,$45.99,Cream/black striped
Textured Thong Bodysuit,$14.99,Orange
Denim Bucket Hat,$17.99,Black
Hoop Earrings and Ear Cuffs,$9.99,Gold-colored
Bodycon Dress,$12.99,Black
Block-heeled Platform Sandals,$39.99,Black
Twill Cargo Pants,$37.99,"Black, Beige"
Slim High Jeans,$37.99,"Dark denim blue, Denim blue"
Embroidered Cotton Dress,$59.99,Black
Short-sleeved Cashmere Top,$99.00,Gray melange
Textured-weave Jacket,$74.99,"Black, Navy blue, Cream"
Satin Blouse,$26.99,White
Underwire High-leg Swimsuit,$34.99,Black
Small Shoulder Bag,$19.99,Black
Linen Cap,$24.99,Light beige
Studded Denim Shacket,$79.99,Dark gray
Double-breasted Jacket,$62.99,"Beige, Black"
Linen Shirt,$49.99,White/blue floral
Jersey Bodycon Maxi Dress,$19.99,"Dark gray, Light taupe"
Washed Linen Nightshirt,$49.99,"Light beige, Charcoal gray, White"
MAMA Before & After Denim Shirt,$39.99,Denim blue
10-pack Hair Elastics,$3.99,Dark brown
Butterfly-decorated Hair Clip,$10.99,Gold-colored
DryMove™ Sports Leggings,$29.99,Khaki green
MAMA 2-piece Rib-knit Set,$59.99,"Light beige melange, Blue melange, Light blue"
MAMA Ribbed Top,$34.99,Light beige melange
Pocket-detail Leggings,$14.99,"Black, Dark gray"
MAMA Oversized Sweatshirt,$34.99,Cream
Blue Light Eyeglasses,$19.99,Gold-colored
Small Shoulder Bag,$17.99,Light beige
Rib-knit Mock Turtleneck Sweater,$34.99,"Light beige, Dark green"
Pleated A-line Skirt,$24.99,Black
Jersey Dress Pants,$17.99,Black/houndstooth-patterned
Bouclé Jacket,$64.99,Cream/plaid
Strap-detail Rib-knit Dress,$59.99,Dark dusty green
MAMA Chiffon Nursing Dress,$49.99,Cream/floral
Blouse with Tie Detail,$35.99,White
Leather Ballet Flats,$59.99,"Black, Dark beige"
Wide Waist Belt,$24.99,Dark beige
Linen-blend Wrap Dress,$49.99,Black
2-pack Microfiber Super Push-up Bras,$34.99,Black/white
Cotton Denim Cap,$12.99,"Light denim blue, Dark gray"
Denim Skirt,$39.99,Denim gray
Canvas Sneakers,$26.99,"White, Black"
Sports Bikini Top,$19.99,Black
Double-breasted Jacket,$40.99,"Black, Black, Beige, Black/snakeskin-patterned"
Lyocell Pullover Blouse,$32.99,"Powder pink, Cream"
Boat-neck Bodysuit,$14.99,Black/glittery
Sheertex® Ultra-strong Sheer Tights,$26.99,Black
Oversized Motif-detail T-shirt,$17.99,"Dark gray/Manhattan, Cream/One"
Slim Satin Pants,$44.99,Navy blue
Puff-sleeved Organza Top,$17.99,White
MAMA 2-pack Padded Nursing Bras,$34.99,"Beige/black, Powder pink/gray melange, Powder pink/black, Light gray/light pink"
Rib-knit Tank Top,$12.99,"Black, Green, Cream"
2-pack Non-padded Cotton Bra Tops,$17.99,Black/white
Slit-hem Pencil Skirt,$45.99,Black
Camisole Top,$12.99,"White, Cerise"
Sleeveless Dress,$57.99,Powder pink
Printed Pajamas,$29.99,"Red/Mickey Mouse, Light gray/Snoopy"
MAMA Cotton Jersey Top,$14.99,Black
Shopper,$54.99,Black
MAMA 2-pack Nursing Tank Tops,$24.99,White/black
Washed Linen Pajamas,$59.99,Charcoal gray
Bead-decorated Necklace,$10.99,Gold-colored/white
Baggy Regular Jeans,$41.99,"Denim gray, Denim blue"
Crossbody Bag,$24.99,Black
Smocked Crop Top,$12.99,"Cream, Cream/floral"
SoftMove™ Light Support Sports Bra,$19.99,"Black, Cream"
MAMA 2-piece Top and Skirt Set,$74.99,Cream/plaid
Pleated Tunic Dress,$34.99,Black
Oversized Linen Shirt,$24.99,Light yellow
Coated Midi Skirt,$34.99,Black
Corduroy Pants,$26.99,"Black, Light beige"
Triple-strand Pendant Necklace,$9.99,Silver-colored
Vintage High Denim Shorts,$14.99,Denim blue
Padded Microfiber Balconette Bra,$24.99,Black
Flip-flops,$14.99,White
Flared Pants,$37.99,"Navy blue, Light beige melange"
2-pack Lace-trimmed Tank Tops,$19.99,"Light khaki green/white, Black, White"
Crop Jacket,$34.99,"Black, Light beige"
Bow-detailed Crêped Blouse,$26.99,Brown/patterned
Oversized Jersey Dress,$24.99,Black/patterned
Rib-knit Sweetheart-neckline Top,$28.99,"Black, Cream"
Paper-bag Sweatshorts,$14.99,Black
Vintage Slim High Ankle Jeans,$29.99,Cream
Biker Jacket,$67.99,Black
Double-breasted Jacket,$49.99,White
Transparent Umbrella,$17.99,Transparent/white
2-pack Hair Claws,$5.99,Black
V-neck Tank Top,$14.99,White
10-pack Hipster Briefs,$29.99,Light blue/light gray
Nylon Parachute Skirt,$19.99,Light beige
Scarf,$17.99,"Black, White"
Metal Hair Claw,$5.99,Gold-colored
Chunky Sneakers,$54.99,"Gray/light blue, White, White/silver-colored, White"
Suede Slingback Pumps,$74.99,"Light beige, Black"
Nylon Shoulder Bag,$17.99,"Black, Light taupe, Dark khaki green"
Padded Bikini Top,$19.99,"Black, Turquoise"
Facial Cleansing Brush and Mask Applicator,$6.99,Light pink
Nylon Windbreaker,$36.99,Cream
Patterned Satin Pajamas,$56.99,White/black patterned
Linen-blend Dress,$74.99,"White, Black/floral"
Double-layered Bodycon Dress,$29.99,Burgundy
One-shoulder Blouse,$17.99,"Bright blue, Yellow"
3 Pairs Hoop Earrings,$4.99,Silver-colored
Single-breasted Blazer,$62.99,Navy blue
Strappy Sandals,$24.99,"Gold-colored, Black"
Gathered Eyelet Embroidery Dress,$29.99,White
Ribbed Tank Top with Overlocked Trim,$19.99,Cream
Appliquéd Cotton Shirt,$32.99,Cream/Atlanta
Linen Top,$19.99,"Taupe, Light blue"
3-pack DryMove™ Sports Hipster Briefs,$19.99,Black
Ribbed Top with Collar,$29.99,Brown melange
2-pack Soft-cup Push-up Bras,$24.99,Beige/black
Bow-detail Hair Clip,$12.99,"White, Black"
MAMA Tights 100 Denier,$14.99,Black
Padded Bikini Top,$26.99,Black/white
Bead-detail Hoop Earrings,$17.99,Gold-colored
Shirt Dress with Belt,$49.99,White
Waffled Pajama Top and Shorts,$19.99,White
Pleated Mini Skirt,$34.99,Dark gray melange
Sleeveless Jumpsuit,$30.99,Black
Tie-belt Jacket,$57.99,Gray
Hoodie with Motif,$29.99,Dark gray/Nirvana
Heeled Sandals,$40.99,Black
Cat Eye Sunglasses,$17.99,Black
High Waist Cheeky Bikini bottoms,$19.99,"Khaki green, Black"
MAMA Before & After Nursing Top,$29.99,White/black striped
Curvy Fit Cotton Cargo Pants,$24.99,"Beige, Light gray"
Coated Biker Jacket,$74.99,Dark brown
Hooded Teddy Fleece Jacket,$24.99,"Gray, Black"
Coated Skirt,$39.99,Black
Cotton Denim Dress,$54.99,Dark denim blue
Lyocell Top,$17.99,"Black, Taupe"
3-pack Liner Socks,$9.99,"Black, White"
Fitted Wool Top,$54.99,"Light beige, Gray"
Crinkled Cotton Shorts,$27.99,Light blue
Mesh Bodycon Dress with Overlocked Trim,$26.99,Black/dotted
Ruffle-trimmed Pullover Blouse,$24.99,Blue/striped
Loose Fit Sweater,$37.99,"Dark gray/striped, Black/striped"
Twill Drawstring Pants,$34.99,Black
Textured-knit Bodycon Dress,$36.99,"Dark gray, Light taupe"
Oversized Hoodie with Motif,$34.99,Dark gray/Misfits
MAMA Before & After Pajamas,$49.99,Navy blue
Oversized Poplin Shirt,$29.99,Black/pinstriped
Racer Jacket,$76.99,"Dark brown/distressed, Black/color-block"
Chain-detail Halterneck Top,$26.99,"Cream, Light coral"
Flounced Shaping Swimsuit,$39.99,"White/green striped, Black"
DryMove™ Medium Support Sports Bra,$17.99,Steel blue
Wrap Dress,$26.99,Orange/zebra print
Bootcut High Jeans,$44.99,"Denim blue, White, Light denim blue"
Tie Bikini Bottoms,$14.99,"Black, White"
MAMA 2-piece Pleated Jersey Set,$64.99,Black
Jersey Pajamas,$34.99,Black
Narrow Hairband,$5.99,"Brown, Dark brown"
Teddy Fleece Sports Jacket,$49.99,"Black, Light beige"
"Bronzer Stick for Lips, Cheeks and Eyes",$9.99,Tour De Contour
One-shoulder Cut-out Swimsuit,$19.99,"Pink, Black"
Shopper,$24.99,"Beige, Black"
Cargo Pants,$34.99,"Beige, Black"
Smock-waist T-shirt Dress,$24.99,"Light gray melange, Light pink"
Crochet-look Cardigan,$74.99,Black
Jersey Sweatshirt,$24.99,Charcoal gray
Medium Support Sports Bra in SoftMove™,$24.99,Black
Twist-detail Tank Top,$19.99,White
Embroidered Brazilian Briefs,$9.99,Pale beige
Bead-embellished Top,$119.00,White
Low-waist Cargo Pants,$37.99,"Black, Khaki green"
2 Pairs Hoop Earrings,$8.99,Gold-colored
Oversized Double-breasted Blazer,$62.99,Dusty blue
A-line Halterneck Dress,$34.99,"Black/zebra print, Lilac"
Straw Hat,$12.99,Natural
Baggy Low Jeans,$49.99,Light beige
Halterneck Dress,$27.99,Black
Drawstring-detail Crop Top,$17.99,"White, Navy blue"
Flared Rib-knit Pants,$34.99,"Light beige, Dark gray"
Canvas Sneakers,$31.99,Khaki green
Hoodie with Drawstring Hem,$29.99,Dark gray
Jersey Maxi Skirt,$24.99,"Black, Black"
Square-neck Rib-knit Top,$26.99,"Cream, White/black striped, Black"
Rib-knit Tube Top,$19.99,Black
Cropped Bouclé-weave Jacket,$41.99,Cream
DryMove™ Sports Crop Top,$39.99,Light beige
Wide-leg Linen Pants,$79.99,Dark gray
Twill Dress Pants,$29.99,Black
Satin One-shoulder Blouse,$26.99,Black
Invisible Sticky Bra,$12.99,Light beige
Oversized Sweatshirt,$37.99,"Cream/Nirvana, Navy blue/Yale University"
Lyocell-blend Cargo Pants,$45.99,"Black, Khaki green"
Peplum Camisole Top,$34.99,Light blue
Wool-blend Shacket,$54.99,Black
Bandeau Dress,$17.99,"Taupe, Black"
Gathered-waist Maxi Dress,$64.99,Peach pink/patterned
Wide-leg Twill Pants,$45.99,Black
3-pack Socks,$12.99,Light gray/striped
Slim Pants,$44.99,Cream
Sweater,$36.99,"Cream, Light gray melange"
MAMA 2-piece Top and Skirt Set,$64.99,Black
DryMove™ Wrapover Sports Crop Top,$29.99,"Cream, Light gray melange"
True To You Skinny Ultra High Ankle Jeans,$49.99,"Dark denim blue, Denim blue"
2-pack No-show Light Shaping Bikers,$27.99,"Light beige, Black"
Textured Blazer,$119.00,Cream
Sleeveless Dress,$24.99,Green
40 Denier Dotted Tights,$12.99,Black/dotted
MAMA 2-pack Nursing Tops,$27.99,"Black, Black/white"
Oversized Shirt Dress,$74.99,Light beige
Tapered Twill Pants,$67.99,White
Denim Bustier Top with Peplum,$24.99,Cream
MAMA Ribbed Nursing Dress,$32.99,White/striped
Ribbed T-shirt,$10.99,"Pale yellow, Pistachio green"
Coated Shoulder Bag,$19.99,"Black, Brown"
Ribbed Dress,$14.99,"Sage green, White/striped"
3-pack Lace Thong Briefs,$12.99,"Light dusty blue/white, White/light beige, Black"
Ruffle-trimmed Satin Nightgown,$19.99,Black
MAMA Seamless Nursing Sports Bra,$19.99,Black
Linen Shorts,$27.99,"Light khaki green, Pink"
Sporty Leggings,$14.99,Black
4-pack Silk Scrunchies,$14.99,Black
Oversized Hooded Jacket,$29.99,"Navy blue, Light blue/washed"
Shorts High Waist,$19.99,Light beige
MAMA Before & After Maternity/nursing Top,$34.99,Dusty green
Crêped Wrap-front Dress,$29.99,Black
Lace Super Push-up Bra,$24.99,Powder pink
Shaping Tights 70 Denier,$14.99,Black
Linen-blend Shirt,$34.99,White
Short Twill Jacket,$37.99,Khaki green
Linen-blend Wrap-front Skirt,$34.99,Black
Ruffle-trimmed Blouse,$84.99,Cream
3-pack Thong Briefs,$17.99,"Light beige/floral, Light beige/hearts"
Textured-weave Top,$17.99,"Light blue, Cream, Cerise"
Flounce-trimmed Dress,$64.99,Light yellow
Oversized Double-breasted Blazer,$66.99,Black/pinstriped
SoftMove™ Light Support Sports Bra,$24.99,Dusty purple
Wool-blend Sweater,$119.00,Black
DryMove™ Sports Crop Tank Top,$17.99,Brown
Bouclé Dress,$54.99,Cream
Oversized Shacket,$57.99,Dark beige/plaid
Chunky Leather Loafers,$89.99,Black
Metal Hair Claw,$3.99,Gold-colored
MAMA Waistband Extender,$12.99,Black
Loose Denim Jacket,$84.99,Dark gray
Braided Hairband,$12.99,Black/satin
Cat-eye Sunglasses,$12.99,Dark brown
Zip-front Top,$19.99,Dark gray
Double-breasted Jacket Dress,$74.99,Black
Firm Shape Push-up Biker Shorts,$19.99,Beige
Sweater,$37.99,Powder pink
MAMA Before & After Nursing Set,$59.99,Dark gray melange
Jersey Thong Bodysuit,$13.99,"White, Black"
MAMA Before & After Sports Leggings,$34.99,Black
Brazilian Bikini Bottoms,$12.99,"Mint green/patterned, Black"
Waffled Bathrobe,$36.99,"White, Light taupe, Light sage green"
Flared Leggings,$25.99,Black
Hoop Earrings,$8.99,Gold-colored
SoftMove™ Cropped Sports Tank Top,$24.99,"Black, Rust brown"
Mock Turtleneck Sweater,$49.99,"White/beige striped, Cream/striped"
Turtleneck Top,$12.99,"Gray melange, Cream"
3-pack Camisole Tops,$17.99,Black/beige/white
Short Sarong,$12.99,"Light orange/patterned, Cerise"
Shortie Bikini Bottoms,$12.99,Orange
Rib-knit Pants,$37.99,Dark gray
Twist-detail T-shirt,$14.99,Cream
Denim Shirt,$54.99,Denim blue
Satin Shirt,$29.99,"Blue, Black"
Tights 70 Denier,$9.99,Black
Heeled Sandals,$34.99,White
H&M+ Tie-detail Top,$24.99,White
SoftMove™ Sports Crop Top,$34.99,Black
5-pack Brazilian Briefs,$24.99,"Light dusty turquoise/white, White/small flowers"
2-pack Bikini Bottoms,$17.99,Pink/black
Gathered Thong Bodysuit,$13.99,"Bright red, Black"
Bouclé Dress,$64.99,"Cream, White"
Eyelet Embroidered Shirt,$67.99,Cream
Oversized Sweatshirt with Motif,$24.99,"Light gray/NYC, White/Chamonix, Black/LA"
Tuxedo Shirt,$37.99,White
MAMA 2-pack Scoop-neck Tops,$24.99,Cream/black
Slingback Flats,$29.99,Gold-colored/black
2-pack Thong Briefs,$14.99,Black
Hooded Jacket,$24.99,Light gray melange
Ribbed Thong Bodysuit,$19.99,White
Padded Balconette Bra,$24.99,Light beige
5-pack Ribbed Thong Briefs,$17.99,Black
MAMA Cotton Tube Dress,$17.99,White/black striped
Brazilian tie tanga bikini bottoms,$17.99,Light blue/floral
Double-breasted Jacket,$66.99,"Dark gray melange, Dark blue"
Double-layered Ribbed Tank Top,$17.99,"Black, Light beige/white"
Oversized Knit Dress,$29.99,Dark gray melange
Padded Satin Bustier,$29.99,Pale pink
Coated Corset-style Top,$24.99,Black
Beach Kaftan,$12.99,Green
Coated Leggings,$24.99,Black
Ribbed Pajama Top and Pants,$29.99,Light gray melange
Utility Dress,$99.00,Beige
Flared Regular Jeans,$39.99,White
Rib-knit Mock Turtleneck Top,$29.99,Dark beige
Tapered-waist Dress,$57.99,Black
MAMA Treggings,$32.99,Black
Soft-cup Push-up Balconette Bra,$29.99,Black
Square-neck Rib-knit Dress,$34.99,Pigeon blue
6 Pairs Hoop Earrings,$12.99,Gold-colored
Quilted Shoulder Bag,$34.99,Black
MAMA Nursing Dress with Collar,$49.99,Dark gray melange
MAMA Ribbed Nursing Top,$19.99,White/beige striped
MAMA Cotton Nursing Dress,$24.99,Black
Buffing Foundation Brush,$9.99,Dusty pink
2-pack Tank Tops,$15.99,Light gray melange/dark gray
Satin Tank Top,$14.99,"White, Dark gray"
Square-neck Jersey Dress,$25.99,Black
5-pack Lace Hipster Briefs,$29.99,Black/white/light pink
Flared-skirt Jersey Dress,$14.99,Light gray
DryMove™ Running Tights,$29.99,Black
5-pack Ribbed Socks,$12.99,Beige/black
DryMove™ Seamless Sports Leggings,$29.99,Black
Scalp Massager and Shampoo Brush,$9.99,Light pink
Long-sleeved Lace Top,$19.99,Black
Wide Waist Belt,$29.99,Black
Pleated Wrap Dress,$29.99,Black
H&M+ Skinny High Ankle Jeans,$24.99,"Denim blue, Black"
Shoulder-pad Top,$37.99,"White/black striped, Black"
Self-adhesive Push-up Bra,$19.99,"Light beige, Black"
Straight High Jeans,$67.99,Light denim blue
Ruffle-trimmed Tie-detail Dress,$29.99,Cream/floral
Straight Pants,$57.99,Dusty blue
Drawstring-detail Dress,$39.99,"Black, Beige/striped"
10-pack Ankle Socks,$14.99,"White, Black"
3-pack Picot-trimmed Briefs,$14.99,Light blue/light pink/black
Denim Pullover Shirt,$39.99,Light denim blue
Sweatshirt,$34.99,"Light gray melange, Cream"
Pajama Shirt and Pants,$49.99,Dark gray
Stirrup Leggings,$19.99,Black
Flatlock-seam Unitard,$34.99,Black
Satin Wrap Dress,$37.99,"Cream/black striped, Black/dotted"
Wide High Cargo Jeans,$39.99,Dark gray
Oversized Hoodie,$27.99,Dark gray
Oversized Lyocell-blend Dress,$64.99,Black
Sweetheart-neckline Top,$17.99,"Light purple, White"
Satin Scrunchie,$5.99,"Black, Cream"
DryMove™ Sports Crop Top,$17.99,Light gray melange
Drawstring-detail Dress,$34.99,"Bright blue, Pink"
Sandals,$24.99,Gold-colored
DryMove™ Cropped Sports Anorak,$49.99,Light blue
2-pack Light Shaping Briefs,$24.99,Black
Off-the-shoulder Dress,$27.99,"Beige/leopard print, Black"
Coated Shopper,$31.99,Dark beige
Coated Leggings,$25.99,Black
Stretchy & sculpting soft bra,$17.99,Dark beige
H&M+ 90s Cutoff High Waist Shorts,$24.99,Light denim blue
Fine-knit Scarf,$12.99,"Black, Cream"
Short Sweater,$34.99,Light pink
Cashmere-blend Top,$39.99,"Black, Dark taupe"
Camisole Crop Top,$6.99,"Light gray/striped, Dark gray, White"
Hooded Running Jacket,$59.99,Neon green
2-pack Pendant Hoop Earrings,$6.99,Silver-colored
MAMA 2-pack Nursing Tops,$29.99,Black
Pendant Necklace,$8.99,White/Heart
Sheer Mohair-blend Sweater,$99.00,Orange
Sports Bike Shorts,$17.99,Black
Buckle-detail Top,$12.99,Dark green
Pleated Dress,$64.99,"Cream, Black"
ThermoMove™ Hybrid Jacket,$64.99,Light beige
2-pack Invisible Light Shape Thong Briefs,$19.99,Black
Shoulder-pad Midi Dress,$67.99,Black
Tiered-skirt Smocked Dress,$26.99,Yellow/floral
Ribbed Jersey Dress,$19.99,White/striped
Leather Pants,$369.00,Black
Oversized Half-zip Sweatshirt,$34.99,Cream/Detroit
Tapered-waist Cotton Blouse,$54.99,White
Textured Jacket,$64.99,Black
Rib-knit Dress,$19.99,Dark beige
Lace-trimmed Pajama Bodysuit,$17.99,Light pink
20-pack Hairpins,$2.99,Black
Slim-fit Denim Shirt,$32.99,Denim blue
A-line Jersey Skirt,$9.99,Dark gray
Linen-blend Pull-on Pants,$34.99,Black
Wide Regular Jeans,$36.99,"Pale denim blue, Black, Denim blue"
Knit A-line Mini Skirt,$34.99,Powder pink
One-shoulder Dress,$49.99,Black
Bucket Bag,$34.99,Black
MAMA Jersey Top,$17.99,Black
Mock Turtleneck Top,$12.99,White
MAMA Draped Dress,$39.99,Light beige
Straight Twill Pants,$89.99,Light beige
Knit Dress,$34.99,Black
Water-repellent Sports Backpack,$34.99,Light gray
Draped Bodycon Dress,$29.99,Mint green
Printed Sweatshirt,$35.99,"Light gray/Sport Studios, White/New York City"
MAMA Ankle-length Slacks,$39.99,Black
Balloon-sleeved Blouse,$67.99,Blue/striped
Pleated Hairband,$12.99,Black
Ruffle-trimmed Textured-knit Sweater,$31.99,"Light blue, Cream"
Single-breasted Blazer,$34.99,Black
Gathered Thong Bodysuit,$26.99,White/purple floral
Triangle Bikini Top,$12.99,Mint green/patterned
Mid-layer Jacket,$64.99,Black
Linen-blend Dress,$34.99,White/floral
Twisted Necklace,$12.99,Gold-colored
Shoulder-pad Jacket,$49.99,Cream/herringbone-patterned
Linen Joggers,$39.99,Red
Puff-sleeved Sweatshirt,$17.99,Cream
Asymmetric Jersey Dress,$149.00,Black
Sunglasses,$19.99,Brown/tortoiseshell-patterned
Printed T-shirt,$24.99,"Light green/Malibu, Cream/Monaco"
Crinkled Tie-detail Dress,$49.99,"Black, Red"
Pointelle-knit Corset-style Top,$36.99,"Dark gray, Black"
Curvy Fit Straight High Cargo Jeans,$34.99,Light denim blue
Patterned Dress,$34.99,Yellow/floral
MAMA Before & After Nursing Dress,$34.99,Light khaki green
Pointelle Top,$19.99,Gray
One-shoulder Crop Top,$24.99,Orange/zebra print
Tie-detail Top,$24.99,Black
Oversized Double-breasted Blazer,$64.99,Cream
Sleeveless Bodycon Dress,$29.99,Red
MAMA Jersey Leggings,$14.99,Black
Nail Polish,$5.99,"Teal or No Deal!, Blushing in Amsterdam, Kitten Pink, The Grass is Greener..."
Plunge Lace Bra,$12.99,"Black, Red, Light beige"
Puff-sleeved Smocked Blouse,$19.99,Cream
Slim Regular Denim Shorts,$24.99,"Nearly black, Light denim blue"
Loafers,$84.99,Black
Poplin Bow Blouse,$34.99,Cream/striped
Sweater with Asymmetric Neckline,$34.99,White
Textured Off-the-shoulder Dress,$29.99,Neon yellow
Tie-detail Satin Dress,$29.99,"Black, Dark green, Light brown/leopard print"
Grommet-detail Skirt,$34.99,Black
Balloon-sleeved Open-backed Dress,$29.99,"Cream/floral, Black"
SoftMove™ Activewear Shirt Jacket,$49.99,Black
Jacquard-weave Shopper,$34.99,"Black/patterned, Beige/patterned"
Balloon-sleeved Dress,$67.99,Black
MAMA Cotton Nursing Dress,$34.99,Pink/floral
Short Cardigan,$24.99,Black
Bouclé Jacket Dress,$74.99,Cream
Ribbed Jersey Top,$17.99,Light beige
Cut-out Bodycon Dress,$67.99,Red
25 Pairs Earrings and Studs,$19.99,Silver-colored/white
Oversized Sheer Blouse,$26.99,Black
Wide-leg Cargo Pants,$49.99,Dark taupe
Oversized Shirt,$54.99,White/striped
Hoodie,$34.99,Cream/The Hamptons
MAMA 2-piece Textured Jersey Set,$49.99,Black
Cotton Hoodie,$84.99,Light khaki green
Cotton Swabs,$2.99,White
Long-sleeved Midi Dress,$67.99,Khaki green
Small Nail Clippers,$3.99,Light pink
Crinkled Loungewear Shirt,$31.99,Black
Shoulder-pad Sweater,$29.99,"Cream/black striped, Black"
Reversible Makeup Bag,$15.99,Purple/striped
Linen-blend Flared Skirt,$54.99,White
Off-the-shoulder Cotton Top,$19.99,White
Turtleneck Sweater,$14.99,White
Draped Wrap Dress,$45.99,"Black, Red"
Bead-embellished Pencil Skirt,$119.00,White
Gathered One-shoulder Dress,$18.99,Lime green
DryMove™ Sports Shirt,$17.99,White
Rib-knit Leg Warmers,$12.99,"Black, White"
Flared Dress Pants,$26.99,Black
Tie-detail Camisole Top,$17.99,Black
Canvas Tote Bag,$17.99,Beige
MAMA 2-piece Rib-knit Set,$49.99,Blue melange
Denim Mermaid Skirt,$64.99,Denim blue
Curvy Fit Bootcut High Jeans,$29.99,Light denim blue
Leather Loafers,$119.00,Black
Coated Bomber Jacket,$76.99,Dark olive green
Printed Hooded Jacket,$39.99,Cream/Ariana Grande
Printed Top,$19.99,White/Smiley® Originals
Lace Demi Push-up Bra,$19.99,White
Braided Crossbody Bag,$54.99,Pale yellow
Pleated Chiffon Dress,$49.99,Cerise
Oversized Poplin Shirt,$24.99,White
6-pack No Crease Hair Clips,$5.99,Light pink
Pumps,$39.99,Beige/snakeskin-patterned
Linen-blend Pajamas,$56.99,Light beige
Sleeveless Poplin Beach Dress,$34.99,Dark red
Ruffle-trimmed Rib-knit Top,$34.99,Light blue
Tie-neck Blouse,$31.99,Light beige
Shatterproof Sports Sunglasses,$24.99,Black
Cotton Bucket Hat,$12.99,"Black, Beige"
MAMA 3-pack Brazilian Briefs,$19.99,Black/pink/gray
Short-sleeved Shirt,$25.99,Pink
Cotton Dress with Tie-top Shoulder Straps,$29.99,"Bright blue/patterned, Blue"
Slim Regular Jeans,$29.99,Dark gray
Rib-knit Camisole Top,$17.99,Dusty yellow
Hooded Jacket,$25.99,Pistachio green
Jersey Slip Dress,$14.99,Dark brown/glittery
MAMA Before & After Nursing Set,$49.99,Light gray melange/black
Corset-style Bustier Top,$17.99,Light gray
V-neck Wrap Dress,$34.99,Black/leaves
Tie-detail Bikini Top,$13.99,Pink
Tie-detail Sun Hat,$14.99,Black
Jacquard-weave Dress,$64.99,Cream
Open-backed Chiffon Dress,$34.99,Black/floral
Cotton Shirt Dress,$74.99,Beige
Makeup Bag,$13.99,Black
Fine-knit Leggings,$27.99,Light gray melange
True To You Slim High Jeans,$49.99,Denim blue
High Waist Twill Shorts,$19.99,Dark taupe
Puff-sleeved Crop Top,$29.99,Cream/floral
MAMA Textured-knit Sweater,$59.99,Cream/black striped
Bead-detail Chain Necklace,$8.99,Gold-colored
Striped Cotton Terry Bathrobe,$67.99,Light blue/striped
Sheertex® Ultra-strong Semi-sheer Tights,$26.99,Black
Sheer Printed Top,$49.99,Apricot/patterned
High Denim Shorts,$30.99,"Light denim blue, Gray"
Lace-trimmed Satin Slip Dress,$39.99,Dark gray
10-pack Cotton Bikini Briefs,$29.99,Black
MAMA Lace-trimmed Bike Shorts,$17.99,Black
Gathered Dress,$26.99,Black
Crop Denim Jacket,$34.99,Pale denim blue
Crêped Shorts,$12.99,Light beige/leaves
Microfiber Padded Balconette Bra,$17.99,Black
Knot-detail Skirt,$64.99,White/striped
Tie-shoulder-strap Crêped Dress,$49.99,Cream/floral
2-pack Heart-shaped Hair Claws,$6.99,Gold-colored
Curvy Fit Wide Regular Jeans,$44.99,"White, Light denim blue"
Knit Cashmere Top,$129.00,Dark gray
Patterned Chiffon Dress,$49.99,Light beige/floral
Rib-knit Turtleneck Sweater,$29.99,Light beige
Wooden Detangling Comb,$6.99,Beige
Smocked Top,$29.99,Black
Mesh Pencil Skirt,$64.99,Black
Textured Pants,$67.99,Cream
Padded Bandeau Bikini Top,$17.99,"Navy blue, Light blue/striped"
Knot-detail Espadrille Slides,$19.99,Black
Puffer Jacket,$49.99,Light gray
Pencil Skirt,$49.99,Black/geometric pattern
Cropped Jeans,$39.99,Denim blue
Color-block Tank Top,$14.99,"Light beige/black, White/bright blue"
Eyelet Embroidered Shirt Dress,$84.99,White
Flutter-sleeved Jersey Top,$19.99,Red
Non-padded Underwire Lace Bra,$27.99,Black
DryMove™ Long-sleeved Sports Top,$24.99,White
Silk-blend Top,$49.99,White
Tie-neck Lace Blouse,$26.99,Black
Wide-leg Pants,$44.99,Navy blue/striped
MAMA Before & After Sweater,$49.99,Light beige/striped
Cotton Bodycon Dress,$14.99,Light gray
Open-back Camisole Top,$17.99,Black
MAMA Ruffle-trimmed Dress,$34.99,Pink/small flowers
Gathered Off-the-shoulder Dress,$39.99,Black/dotted
Mules,$29.99,Light beige
Linen-blend Shorts,$19.99,Red
Cotton Espadrilles,$19.99,Red/striped
MAMA Ribbed Tank Top,$9.99,Black
6 Pairs Hoop Earrings,$9.99,Gold-colored
Oversized Poplin Shirt,$26.99,White
Quilted-look Pool Shoes,$13.99,Light purple
Brazilian Bikini Bottoms,$14.99,Black
Coated Corset-style Top,$17.99,Brown/distressed
Hair Clip with Bow,$12.99,Light dusty turquoise
Lace Crop Top,$24.99,"Light beige, Black"
Dress with Lacing,$39.99,Khaki green
Cotton Pencil Skirt,$24.99,Dark gray
Pajama Camisole Top and Shorts,$17.99,Light beige
Crinkled Tie-detail Dress,$39.99,Blue
Ribbed Tank Top,$17.99,Light beige
2-pack Medium Shape Thong Briefs,$24.99,"Light beige, Dark beige"
Track Jacket,$34.99,White/navy blue
DryMove™ Light Support Sports Bra,$12.99,Black
Denim Shirt Dress,$49.99,Light denim blue
High Waist Leggings,$14.99,Black
Gathered Thong Bodysuit,$12.99,Black
SoftMove™ Flared Sports Leggings,$39.99,Black
Slides,$24.99,Black
Ribbed Long-sleeved Top,$12.99,Black
Balloon-sleeved Sweater,$29.99,"Cream, Light pink"
Linen Jacket,$99.00,Black
Slim Regular Denim Shorts,$29.99,Denim blue
Bodycon Dress,$25.99,Dark brown
MAMA 2-pack Cotton Tops,$29.99,Cream/black
Smocked Top,$19.99,Bright blue/patterned
Mini Crossbody Bag,$31.99,Beige/black patterned
Linen-blend Shirt,$31.99,Taupe
Satin Bathrobe,$56.99,Dusty blue
Curvy Fit Straight Regular Jeans,$44.99,Denim blue
Oversized Twill Blazer,$62.99,Dark gray
Satin Thong Briefs,$4.99,"Black, Powder pink"
StormMove™ Unisex Rain Jacket,$74.99,Black
MAMA Jersey Leggings,$29.99,Black
Asymmetric-neck Top,$19.99,Black
Double-weave Cotton Dress,$34.99,Black
Coated Crossbody Bag,$19.99,Taupe/distressed
High-leg Halterneck Swimsuit,$24.99,"Bright green, Black"
Lace-trimmed Slip Dress,$29.99,Black
Tapered Regular Jeans,$34.99,Dark gray
Linen Jersey T-shirt,$19.99,Beige
Smocked Cotton Dress,$24.99,Cream/pink floral
MAMA Before & After Linen-blend Shorts,$34.99,Pistachio green
Rib-knit Pants,$19.99,Light beige
Denim Bustier-style Top,$19.99,Black
2-pack Padded Underwire Bras,$29.99,Beige/black
Leather Loafers,$74.99,Black
Baggy Regular Jeans,$44.99,"Black, Pale denim blue, White"
Curvy Fit Baggy Low Jeans,$34.99,Light denim blue
6 Pairs Hoop Earrings,$14.99,Gold-colored
Twill Cargo Pants,$59.99,Gray/tie-dye
Braided-detail Slides,$30.99,Gold-colored
Creased Denim Pants,$67.99,Dark denim blue
Ribbed Bodycon Dress,$24.99,Black
Boxy Printed T-shirt,$24.99,Black/Ariana Grande
MAMA Before & After Maternity/nursing Top,$27.99,Black
DryMove™ Running shorts,$34.99,Black
Oversized Linen Shirt,$34.99,Black
Lace Camisole Top,$14.99,"Cerise, Light beige"
Short Jersey Top,$13.99,Pink
MAMA Padded-cup Swimsuit,$34.99,Black
Draped One-shoulder Top,$29.99,Black
Oversized Turtleneck Sweater,$34.99,Gray melange
Strappy Heeled Sandals,$34.99,Black
Rib-knit Hat,$12.99,Light gray
Curvy Fit Straight High Jeans,$29.99,Black
Light Shape Bikini Bottoms,$17.99,Black
Flounce-detail Camisole Top,$14.99,Light yellow
DryMove™ Seamless Sports Top,$29.99,Dark plum
Cat Eye Sunglasses,$13.99,White
Tie-belt Satin Dress,$49.99,Pink
Pointed-collar Shirt,$26.99,Gray
Halterneck Thong Bodysuit,$17.99,Cream
Glittery Fine-knit Maxi Dress,$49.99,Light gray
Double-sided Silicone Body Brush,$9.99,Light pink
Pleated Wrapover Dress,$34.99,Black
Oversized Printed Hoodie,$39.99,Black/Korn
Linen-blend Dress with Eyelet Embroidery,$74.99,Black
Thick Jersey Leggings,$25.99,Black
Mesh Bustier Top,$24.99,Dark gray
Crêped Wrap-front Dress,$26.99,Black
SoftMove™ Medium Support Sports Bra,$24.99,"Cream, Dusty purple"
3-pack Silk Scrunchies,$9.99,Black/dusty pink/ivory-colored
True To You Flared High Jeans,$49.99,Black
Wide-leg Coated Pants,$39.99,Black
Lace Top,$14.99,Cream
V-neck Cotton Blouse,$24.99,White
2-pack Tank Tops,$13.99,Light gray melange/white
Cotton Halterneck Dress,$24.99,Black
Blouse with Collar,$17.99,Cerise
Hairbrush,$9.99,Black
Seamless Balconette Bra,$24.99,Black
Smocked-waist Top,$17.99,Red
Heart-pendant Necklace,$10.99,Gold-colored
Padlock-detail Crossbody Bag,$34.99,Black
Lace-detail Dress,$54.99,Black
Ribbed Scoop-neck T-shirt,$19.99,"Light green melange, Light blue melange"
Cat Eye Sunglasses,$19.99,Black
Non-padded Embroidered Balconette Bra,$34.99,Light pink
Ribbed Capri Leggings,$17.99,Dark gray
5-pack Lace Thong Briefs,$19.99,"Black, White/cream/beige"
Narrow Leather Belt,$19.99,Dark brown
MAMA Padded-cup Cut-out Swimsuit,$34.99,Black
MAMA Flounce-trimmed Nursing Dress,$64.99,White/floral
Lace-trimmed Halterneck Top,$24.99,Cream
Tie-strap top,$34.99,Light beige
Crinkled Wrap Dress,$24.99,Black
Lace Super Push-up Bodysuit,$39.99,Black
Silk-blend Shirt,$99.00,Light blue
Mock Turtleneck Top,$26.99,Black
DryMove™ Running Jacket,$64.99,Dark khaki green
StormMove™ Unisex Rain Pants,$59.99,Black
Embroidered Thong Briefs,$9.99,Light pink
MAMA Before & After Cotton Pajamas,$54.99,Light blue/striped
Sweatshirt with Motif,$24.99,White/Club Society
Chain-detail Halterneck Top,$27.99,Light beige
Cotton Jersey Top,$54.99,Navy blue/striped
Shopper,$39.99,Black/crocodile-patterned
Satin Padded Bra,$14.99,Black
Lace-trimmed Crêped Slip Dress,$29.99,Black/floral
Tie-belt Dress,$39.99,Light brown
Satin Thong Briefs,$6.99,Powder pink
Shopping Bag,$29.99,Black
Lyocell-blend Flounced Blouse,$64.99,White
DryMove™ Mesh-detail Sports Hot Pants,$17.99,Black
Bustier-style Crop Top,$19.99,Light green/checked
Modal-blend Utility Dress,$79.99,Khaki green
